# run_timestamp,20260509_131504
# total_steps,1000000
# learning_rate,0.0001
# gamma,0.95
# tau,0.01
# eps_decay,500000
# grad_clip,1.0
# batch_size,64
# replay_capacity,500000
# beginner_max_turns,300
# beginner_agent_armies,8
# beginner_enemy_armies,1
# reward_clip,none

episode,global_step,outcome,ep_steps,turns,reward,agent_terr,enemy_terr,epsilon,curriculum_level,mean_loss,agent_armies,enemy_armies,phase_reinforce,phase_attack,phase_fortify,combat_wins,combat_losses,territory_losses,fortify_count,continents,final_state
1,1054,loss,1054,232,225.44,0,13,0.9980,0,0.916457,0,240,442,534,78,19,352,28,64,"NA:E,SA:E",0E20|1E20|2E20|3E20|4E20|5E20|6E20|7E20|8E20|9E20|10E17|11E20|12E3
2,1898,win,844,209,842.84,13,0,0.9964,0,0.850255,47,0,338,402,104,39,249,35,87,"NA:A,SA:A",0A1|1A1|2A7|3A1|4A1|5A1|6A3|7A1|8A13|9A3|10A5|11A1|12A9
3,2465,loss,567,134,171.17,0,13,0.9953,0,1.103199,0,83,218,289,60,15,191,24,48,"NA:E,SA:E",0E2|1E2|2E2|3E3|4E3|5E3|6E11|7E4|8E3|9E13|10E17|11E3|12E17
4,3394,timeout,929,300,310.19,4,9,0.9936,0,0.986442,80,178,410,369,150,15,195,19,135,"NA:E,SA:A",0E20|1E20|2E20|3E20|4E20|5E20|6E20|7E20|8E18|9A20|10A20|11A20|12A20
5,3851,loss,457,114,260.47,0,13,0.9927,0,0.847592,0,91,176,228,53,18,141,26,47,"NA:E,SA:E",0E4|1E4|2E4|3E4|4E7|5E4|6E4|7E4|8E9|9E11|10E14|11E3|12E19
6,4901,timeout,1050,300,701.30,4,9,0.9907,0,1.032222,78,180,445,456,149,37,261,40,130,"NA:E,SA:A",0E20|1E20|2E20|3E20|4E20|5E20|6E20|7E20|8E20|9A18|10A20|11A20|12A20
7,5549,loss,648,154,172.38,0,13,0.9895,0,0.981002,0,212,260,321,67,15,209,25,51,"NA:E,SA:E",0E17|1E17|2E16|3E17|4E17|5E17|6E17|7E17|8E17|9E17|10E20|11E3|12E20
8,6681,timeout,1132,300,688.32,6,6,0.9873,0,0.957721,49,36,467,515,150,38,318,41,142,"NA:N,SA:N",0A6|1A2|2A20|3E3|4A2|5A3|6E11|7A16|8E7|9E5|10E5|11N1|12E5
9,7737,timeout,1056,300,279.36,9,3,0.9853,0,0.940664,180,58,518,388,150,10,219,10,146,"NA:A,SA:N",0A20|1A20|2A20|3A20|4A20|5A20|6A20|7A20|8A20|9E18|10E20|11N1|12E20
10,8880,timeout,1143,300,728.73,10,3,0.9831,0,0.935564,111,26,500,493,150,37,297,36,143,"NA:N,SA:N",0A16|1A2|2A20|3A20|4A1|5A15|6A15|7A19|8E14|9E4|10E8|11A1|12A2
11,10191,timeout,1311,300,860.41,11,2,0.9806,0,0.937958,206,10,617,544,150,43,342,41,139,"NA:A,SA:N",0A20|1A20|2A20|3A20|4A20|5A20|6A20|7A20|8A13|9E9|10A17|11A16|12E1
12,10668,loss,477,122,100.57,0,12,0.9797,0,0.893804,0,42,189,233,55,10,146,20,46,"NA:E,SA:N",0E1|1E1|2E1|3E1|4E3|5E8|6E7|7E3|8E6|9E5|10E4|11N1|12E2
13,11408,win,740,160,624.30,13,0,0.9783,0,0.929675,106,0,337,325,78,26,208,21,70,"NA:A,SA:A",0A5|1A2|2A3|3A1|4A3|5A1|6A3|7A1|8A8|9A19|10A20|11A20|12A20
14,11780,win,372,65,316.72,13,0,0.9776,0,0.882484,187,0,238,102,32,6,52,4,31,"NA:A,SA:A",0A20|1A20|2A20|3A20|4A14|5A20|6A20|7A20|8A15|9A3|10A2|11A5|12A8
15,12918,timeout,1138,300,515.38,6,6,0.9755,0,0.901729,24,33,465,523,150,29,336,32,139,"NA:N,SA:N",0A14|1A1|2A5|3E8|4A1|5A1|6E3|7A2|8E10|9E6|10E3|11N1|12E3
16,13972,timeout,1054,300,269.24,9,3,0.9735,0,0.898180,178,55,503,401,150,10,233,9,139,"NA:A,SA:N",0A20|1A20|2A20|3A20|4A20|5A20|6A20|7A20|8A18|9E15|10E20|11N1|12E20
17,14611,loss,639,158,248.99,0,12,0.9722,0,0.866676,0,43,257,311,71,18,197,27,51,"NA:E,SA:N",0E1|1E1|2E1|3E1|4E9|5E3|6E3|7E7|8E3|9E9|10E3|11N1|12E2
18,15170,loss,559,135,154.49,0,12,0.9712,0,0.887859,0,50,230,271,58,13,171,23,48,"NA:E,SA:N",0E1|1E2|2E1|3E1|4E9|5E5|6E5|7E8|8E3|9E11|10E3|11N1|12E1
19,16159,loss,989,224,432.89,0,12,0.9693,0,0.864994,0,30,413,485,91,29,314,38,77,"NA:E,SA:N",0E1|1E1|2E1|3E1|4E1|5E2|6E1|7E7|8E3|9E7|10E3|11N1|12E2
20,17332,timeout,1173,300,713.13,4,8,0.9671,0,0.890477,18,34,463,561,149,42,359,48,125,"NA:N,SA:N",0E1|1A1|2E1|3E1|4E3|5A1|6E12|7A15|8A1|9E5|10E5|11N1|12E6
21,17859,loss,527,132,313.67,0,12,0.9661,0,0.873501,0,55,206,258,63,21,159,30,50,"NA:E,SA:N",0E1|1E3|2E1|3E4|4E10|5E2|6E8|7E6|8E3|9E9|10E4|11N1|12E4
22,19093,timeout,1234,300,726.54,11,2,0.9637,0,0.919538,129,12,553,531,150,37,336,35,135,"NA:N,SA:A",0A1|1A16|2A5|3A10|4E3|5A4|6A1|7E9|8A20|9A12|10A20|11A20|12A20
23,20134,loss,1041,256,425.01,0,13,0.9617,0,0.899354,0,133,413,510,118,29,334,38,96,"NA:E,SA:E",0E8|1E8|2E8|3E8|4E8|5E8|6E9|7E8|8E8|9E17|10E20|11E3|12E20
24,21404,timeout,1270,300,758.70,5,8,0.9593,0,0.941087,7,38,509,629,132,45,407,50,103,"NA:N,SA:N",0E1|1E1|2E3|3E1|4E9|5E4|6A1|7E9|8A1|9A3|10A1|11A1|12E10
25,22560,win,1156,241,807.66,13,0,0.9571,0,0.952521,165,0,566,470,120,34,304,31,113,"NA:A,SA:A",0A16|1A17|2A20|3A4|4A1|5A7|6A3|7A9|8A20|9A20|10A8|11A20|12A20
26,23527,timeout,967,300,503.27,4,9,0.9553,0,0.902054,80,178,414,404,149,26,216,33,135,"NA:E,SA:A",0E20|1E20|2E20|3E20|4E20|5E20|6E20|7E20|8E18|9A20|10A20|11A20|12A20
27,24984,timeout,1457,300,272.27,1,12,0.9525,0,0.917304,7,238,642,733,82,21,486,29,74,"NA:E,SA:N",0E20|1E20|2E20|3E20|4E20|5E20|6E20|7E20|8E20|9E20|10E18|11E20|12A7
28,26152,loss,1168,284,618.88,0,13,0.9503,0,0.897265,0,240,475,569,124,39,360,48,116,"NA:E,SA:E",0E20|1E20|2E20|3E20|4E20|5E20|6E20|7E20|8E20|9E17|10E20|11E3|12E20
29,27237,win,1085,241,833.75,13,0,0.9482,0,0.911880,149,0,507,458,120,36,293,30,112,"NA:A,SA:A",0A5|1A20|2A1|3A8|4A8|5A1|6A19|7A3|8A17|9A7|10A20|11A20|12A20
30,27457,loss,220,51,0.30,0,12,0.9478,0,0.860329,0,36,89,110,21,4,67,13,19,"NA:E,SA:N",0E1|1E1|2E1|3E1|4E8|5E5|6E5|7E3|8E5|9E2|10E2|11N1|12E2
31,28307,loss,850,211,190.40,0,12,0.9462,0,0.877440,0,33,353,394,103,15,262,24,94,"NA:E,SA:N",0E2|1E1|2E1|3E1|4E6|5E1|6E8|7E2|8E3|9E4|10E2|11N1|12E2
32,29283,loss,976,256,281.86,0,12,0.9444,0,0.882879,0,50,395,457,124,20,297,28,106,"NA:E,SA:N",0E1|1E1|2E4|3E1|4E4|5E6|6E5|7E3|8E6|9E5|10E7|11N1|12E7
33,30603,timeout,1320,300,21.10,1,12,0.9419,0,0.849090,4,239,585,652,83,6,420,15,70,"NA:E,SA:N",0E20|1E20|2E20|3E20|4E20|5E20|6E20|7E20|8E20|9E20|10E20|11A4|12E19
34,31314,loss,711,189,228.61,0,12,0.9405,0,0.865595,0,76,293,327,91,16,204,24,72,"NA:E,SA:N",0E1|1E1|2E1|3E4|4E16|5E6|6E15|7E3|8E14|9E5|10E5|11N1|12E5
35,32474,win,1160,281,507.60,13,0,0.9383,0,0.857812,234,0,595,425,140,15,259,12,134,"NA:A,SA:A",0A20|1A20|2A20|3A20|4A20|5A20|6A20|7A20|8A17|9A3|10A15|11A19|12A20
36,33591,timeout,1117,300,519.77,3,10,0.9362,0,0.836957,22,48,450,517,150,30,329,36,137,"NA:E,SA:N",0E1|1E1|2E1|3E1|4E1|5E3|6E2|7E9|8E9|9A1|10E20|11A1|12A20
37,34469,loss,878,220,296.38,0,13,0.9345,0,0.844008,0,187,358,418,102,21,269,30,93,"NA:E,SA:E",0E15|1E14|2E15|3E14|4E15|5E14|6E15|7E15|8E15|9E15|10E17|11E20|12E3
38,35641,timeout,1172,300,523.22,1,12,0.9323,0,0.844004,9,196,455,574,143,33,376,41,126,"NA:E,SA:N",0E16|1E15|2E16|3E15|4E16|5E16|6E16|7E16|8E16|9E16|10E18|11E20|12A9
39,36721,timeout,1080,300,286.50,5,8,0.9302,0,0.890008,98,80,495,435,150,14,263,18,136,"NA:N,SA:A",0E7|1E7|2E7|3E7|4E6|5E6|6E20|7E20|8A18|9A20|10A20|11A20|12A20
40,37732,timeout,1011,300,242.21,4,9,0.9283,0,0.859672,80,178,451,410,150,12,238,17,140,"NA:E,SA:A",0E20|1E20|2E20|3E20|4E20|5E20|6E20|7E20|8E18|9A20|10A20|11A20|12A20
41,38738,win,1006,219,769.06,13,0,0.9264,0,0.833175,184,0,499,398,109,31,246,29,105,"NA:A,SA:A",0A20|1A2|2A1|3A11|4A2|5A17|6A20|7A20|8A11|9A20|10A20|11A20|12A20
42,39670,loss,932,250,341.32,0,12,0.9246,0,0.856681,0,70,382,428,122,22,270,30,106,"NA:E,SA:N",0E1|1E7|2E7|3E5|4E9|5E8|6E10|7E3|8E8|9E4|10E4|11N1|12E4
43,40590,timeout,920,300,163.60,9,3,0.9229,0,0.822274,175,60,451,319,150,3,157,3,143,"NA:A,SA:N",0A20|1A20|2A20|3A20|4A20|5A20|6A20|7A20|8A15|9E20|10E20|11N1|12E20
44,41159,loss,569,143,103.59,0,12,0.9218,0,0.765267,0,59,233,271,65,10,174,19,57,"NA:E,SA:N",0E1|1E1|2E1|3E3|4E12|5E3|6E7|7E9|8E3|9E13|10E3|11N1|12E3
45,42009,win,850,183,513.20,13,0,0.9202,0,0.797314,157,0,428,331,91,18,209,17,83,"NA:A,SA:A",0A1|1A3|2A4|3A1|4A18|5A11|6A7|7A20|8A20|9A12|10A20|11A20|12A20
46,43043,timeout,1034,300,178.84,2,11,0.9182,0,0.823403,37,218,435,449,150,10,280,18,117,"NA:E,SA:N",0E20|1E20|2E20|3E20|4E20|5E20|6E20|7E20|8E20|9E18|10E20|11A20|12A17
47,44124,timeout,1081,300,317.41,8,4,0.9162,0,0.798432,158,48,515,416,150,13,245,14,139,"NA:N,SA:N",0A20|1A20|2A20|3A20|4A20|5A20|6A18|7A20|8E5|9E17|10E13|11N1|12E13
48,45271,timeout,1147,300,615.37,6,6,0.9140,0,0.782326,16,45,460,537,150,35,344,38,131,"NA:N,SA:N",0E3|1A2|2A1|3E2|4A3|5A8|6E16|7A1|8A1|9E14|10E5|11N1|12E5
49,46355,timeout,1084,300,312.04,7,5,0.9119,0,0.782368,52,36,452,482,150,17,307,18,140,"NA:N,SA:N",0A14|1A1|2A5|3E2|4A1|5A2|6E11|7A16|8A13|9E8|10E7|11N1|12E8
50,47529,timeout,1174,300,186.24,1,11,0.9097,0,0.789154,9,59,506,543,125,13,348,19,115,"NA:N,SA:N",0E1|1E1|2E1|3E15|4E5|5E5|6E5|7A9|8E6|9E7|10E7|11N1|12E6
51,48353,loss,824,204,203.34,0,12,0.9081,0,0.780815,0,60,351,391,82,15,246,23,73,"NA:E,SA:N",0E1|1E1|2E1|3E1|4E6|5E2|6E10|7E13|8E3|9E16|10E3|11N1|12E3
52,49683,timeout,1330,300,231.60,1,12,0.9056,0,0.777958,10,240,608,649,73,16,397,25,67,"NA:E,SA:N",0E20|1E20|2E20|3E20|4E20|5E20|6E20|7E20|8E20|9E20|10E20|11E20|12A10
53,50759,loss,1076,255,314.16,0,13,0.9036,0,0.770198,0,119,441,528,107,23,346,34,88,"NA:E,SA:E",0E6|1E6|2E7|3E6|4E6|5E7|6E7|7E6|8E8|9E17|10E20|11E3|12E20
54,51821,loss,1062,244,149.12,0,12,0.9015,0,0.765208,0,85,470,515,77,13,325,23,63,"NA:E,SA:N",0E4|1E4|2E4|3E4|4E4|5E4|6E11|7E14|8E3|9E19|10E7|11N1|12E7
55,52903,timeout,1082,300,414.12,4,8,0.8995,0,0.775028,42,59,455,477,150,23,296,28,139,"NA:N,SA:N",0E1|1E1|2A5|3E4|4E16|5A11|6E3|7A20|8A6|9E15|10E9|11N1|12E10
56,54300,timeout,1397,300,210.67,1,12,0.8968,0,0.783806,17,239,664,676,57,14,411,19,43,"NA:E,SA:N",0E20|1E20|2E20|3E20|4E20|5E20|6E20|7E20|8E20|9E20|10E19|11E20|12A17
57,55280,loss,980,236,325.10,0,12,0.8950,0,0.749349,0,47,411,472,97,22,302,31,84,"NA:E,SA:N",0E1|1E1|2E1|3E1|4E5|5E9|6E9|7E3|8E8|9E3|10E3|11N1|12E3
58,56527,timeout,1247,300,188.47,1,12,0.8926,0,0.750349,8,233,551,586,110,13,375,21,94,"NA:E,SA:N",0E20|1E20|2E20|3E20|4E20|5E20|6E20|7E20|8E20|9E20|10E16|11E17|12A8
59,57431,timeout,904,300,242.94,9,3,0.8909,0,0.761113,175,59,438,316,150,7,151,7,146,"NA:A,SA:N",0A20|1A20|2A20|3A20|4A20|5A20|6A20|7A20|8A15|9E19|10E20|11N1|12E20
60,58647,timeout,1216,300,583.66,11,2,0.8886,0,0.739419,171,11,565,501,150,28,313,26,138,"NA:N,SA:A",0E1|1E10|2A4|3A11|4A3|5A20|6A13|7A20|8A20|9A20|10A20|11A20|12A20
61,59730,timeout,1083,300,135.23,3,10,0.8865,0,0.753715,31,197,465,468,150,8,299,17,133,"NA:E,SA:N",0E20|1E20|2E20|3E20|4E20|5E20|6E20|7E20|8E17|9A2|10A9|11A20|12E20
62,60736,timeout,1006,300,353.46,5,8,0.8846,0,0.743065,99,93,440,417,149,18,239,23,141,"NA:N,SA:A",0E8|1E9|2E9|3E9|4E11|5E8|6E19|7E20|8A19|9A20|10A20|11A20|12A20
63,61611,win,875,201,782.45,13,0,0.8829,0,0.727403,139,0,409,366,100,33,222,30,89,"NA:A,SA:A",0A2|1A3|2A1|3A20|4A2|5A16|6A2|7A3|8A20|9A20|10A20|11A10|12A20
64,62566,loss,955,247,523.75,0,13,0.8811,0,0.741870,0,84,371,462,122,33,294,43,109,"NA:E,SA:E",0E3|1E4|2E4|3E4|4E3|5E3|6E5|7E11|8E4|9E12|10E15|11E13|12E3
65,63415,win,849,189,569.89,13,0,0.8795,0,0.714448,154,0,419,336,94,21,211,16,93,"NA:A,SA:A",0A1|1A4|2A20|3A3|4A5|5A20|6A1|7A8|8A20|9A20|10A12|11A20|12A20
66,64392,timeout,977,300,294.37,4,9,0.8777,0,0.738756,79,179,434,393,150,14,221,19,133,"NA:E,SA:A",0E20|1E20|2E20|3E20|4E20|5E20|6E20|7E20|8E19|9A19|10A20|11A20|12A20
67,65487,timeout,1095,300,466.95,6,6,0.8756,0,0.752147,19,56,450,495,150,25,313,26,145,"NA:N,SA:N",0E1|1E10|2A1|3A2|4E20|5A1|6A1|7A13|8A1|9E12|10E7|11N1|12E6
68,66548,timeout,1061,300,254.61,9,3,0.8736,0,0.769418,180,58,526,385,150,8,218,8,141,"NA:A,SA:N",0A20|1A20|2A20|3A20|4A20|5A20|6A20|7A20|8A20|9E18|10E20|11N1|12E20
69,67783,timeout,1235,300,642.75,12,1,0.8712,0,0.739880,239,19,621,464,150,27,279,24,134,"NA:N,SA:A",0A20|1A20|2A20|3A19|4A20|5A20|6E19|7A20|8A20|9A20|10A20|11A20|12A20
70,68831,timeout,1048,300,291.18,5,7,0.8692,0,0.743719,27,55,442,456,150,15,283,19,126,"NA:N,SA:N",0E1|1A2|2E1|3A9|4A1|5E5|6E20|7A14|8A1|9E19|10E5|11N1|12E4
71,69846,timeout,1015,300,211.75,6,6,0.8673,0,0.716561,88,78,450,415,150,9,249,11,138,"NA:N,SA:N",0A18|1A15|2A4|3E15|4A20|5A11|6E14|7A20|8E16|9E11|10E11|11N1|12E11
72,70966,timeout,1120,300,584.00,2,11,0.8652,0,0.715199,35,88,450,520,150,33,328,40,133,"NA:E,SA:N",0E6|1E5|2E6|3E5|4E5|5E5|6E7|7E6|8E5|9E18|10E20|11A15|12A20
73,72024,timeout,1058,300,91.58,5,7,0.8632,0,0.719676,17,46,450,458,150,5,296,8,144,"NA:N,SA:N",0E2|1E5|2A2|3E20|4E3|5A1|6A11|7A1|8A2|9E8|10E4|11N1|12E4
74,73130,timeout,1106,300,465.16,8,5,0.8611,0,0.712031,38,19,450,506,150,25,322,27,134,"NA:N,SA:A",0E1|1E1|2A13|3E2|4E13|5A1|6E2|7A18|8A2|9A1|10A1|11A1|12A1
75,74223,timeout,1093,300,406.23,3,9,0.8590,0,0.711066,47,52,452,491,150,23,309,29,134,"NA:N,SA:N",0E1|1E1|2E1|3E2|4E17|5A20|6E18|7A7|8A20|9E6|10E3|11N1|12E3
76,74557,win,334,85,360.24,13,0,0.8583,0,0.738006,39,0,134,158,42,12,94,8,40,"NA:A,SA:A",0A3|1A1|2A15|3A2|4A2|5A1|6A1|7A1|8A5|9A1|10A3|11A1|12A3
77,75812,timeout,1255,300,549.25,12,1,0.8560,0,0.735230,191,8,608,497,150,24,314,22,144,"NA:N,SA:A",0A12|1A18|2A20|3E8|4A15|5A20|6A5|7A1|8A20|9A20|10A20|11A20|12A20
78,76511,loss,699,189,162.09,0,12,0.8546,0,0.716289,0,59,291,318,90,12,199,20,75,"NA:E,SA:N",0E1|1E1|2E1|3E1|4E11|5E9|6E9|7E3|8E12|9E4|10E4|11N1|12E3
79,77357,timeout,846,300,217.46,9,3,0.8530,0,0.695090,179,58,417,279,150,5,116,5,146,"NA:A,SA:N",0A20|1A20|2A20|3A20|4A20|5A20|6A20|7A20|8A19|9E18|10E20|11N1|12E20
80,78398,timeout,1041,300,252.61,3,9,0.8510,0,0.709262,42,71,438,453,150,14,281,20,119,"NA:N,SA:N",0E1|1E6|2A14|3E2|4E19|5A20|6E16|7A8|8E16|9E3|10E4|11N1|12E4
81,79568,timeout,1170,300,507.50,11,2,0.8488,0,0.714892,216,39,587,433,150,20,254,19,147,"NA:N,SA:A",0E19|1A16|2A20|3E20|4A20|5A20|6A20|7A20|8A20|9A20|10A20|11A20|12A20
82,80712,timeout,1144,300,230.64,6,7,0.8466,0,0.697455,117,68,538,457,149,10,287,14,144,"NA:N,SA:A",0E1|1E1|2E1|3E12|4E16|5E17|6E20|7A17|8A20|9A20|10A20|11A20|12A20
83,81856,timeout,1144,300,442.84,9,4,0.8445,0,0.690867,151,25,532,462,150,20,282,21,142,"NA:N,SA:A",0E1|1E2|2A16|3E4|4E18|5A4|6A18|7A15|8A20|9A18|10A20|11A20|12A20
84,82615,loss,759,170,29.09,0,12,0.8430,0,0.709577,0,36,339,369,51,6,236,13,39,"NA:E,SA:N",0E0|1E2|2E1|3E3|4E3|5E6|6E6|7E3|8E5|9E2|10E3|11N1|12E2
85,83711,timeout,1096,300,250.26,6,6,0.8409,0,0.669602,33,37,470,476,150,13,304,17,143,"NA:N,SA:N",0A15|1E6|2A3|3A1|4E2|5A11|6A2|7A1|8E12|9E5|10E7|11N1|12E5
86,84734,timeout,1023,300,241.83,10,3,0.8390,0,0.707929,108,32,450,423,150,10,254,10,140,"NA:N,SA:N",0E2|1A7|2A2|3E17|4A20|5A19|6A14|7A20|8A20|9A2|10E13|11A1|12A3
87,85842,timeout,1108,300,445.88,2,11,0.8369,0,0.671704,22,92,450,508,150,26,324,33,135,"NA:E,SA:N",0E5|1E4|2E5|3E5|4E11|5E6|6E11|7E8|8E14|9E3|10E20|11A14|12A8
88,86892,timeout,1050,300,224.90,7,6,0.8349,0,0.672956,138,68,493,408,149,8,242,9,143,"NA:N,SA:A",0E3|1E3|2E19|3E3|4E20|5A19|6E20|7A20|8A19|9A20|10A20|11A20|12A20
89,87928,timeout,1036,300,234.56,5,7,0.8329,0,0.679514,56,86,450,436,150,11,268,14,141,"NA:N,SA:N",0E2|1E6|2A3|3A15|4E20|5A17|6A20|7A1|8E20|9E13|10E13|11N1|12E12
90,88881,timeout,953,300,161.13,9,3,0.8311,0,0.659771,180,58,478,325,150,2,164,2,145,"NA:A,SA:N",0A20|1A20|2A20|3A20|4A20|5A20|6A20|7A20|8A20|9E18|10E20|11N1|12E20
91,89992,timeout,1111,300,422.91,7,6,0.8290,0,0.650272,25,59,453,510,148,23,328,24,130,"NA:N,SA:N",0E1|1E3|2A1|3A4|4A1|5E5|6E20|7A2|8A15|9A1|10E18|11A1|12E12
92,91069,timeout,1077,300,378.07,7,5,0.8270,0,0.663591,40,38,455,473,149,19,295,20,132,"NA:N,SA:N",0A20|1A1|2A3|3A2|4E9|5A1|6E6|7A1|8A12|9E16|10E3|11N1|12E4
93,92291,timeout,1222,300,84.62,1,12,0.8246,0,0.644195,18,239,576,578,68,6,332,14,50,"NA:E,SA:N",0E20|1E20|2E20|3E20|4E20|5E20|6E20|7E20|8E20|9E20|10E19|11E20|12A18
94,93360,timeout,1069,300,180.69,5,7,0.8226,0,0.642714,58,52,467,452,150,9,283,14,141,"NA:N,SA:N",0E1|1E12|2A1|3E2|4A19|5A20|6E20|7A16|8A2|9E5|10E7|11N1|12E5
95,94451,timeout,1091,300,688.31,11,2,0.8205,0,0.639350,65,32,450,491,150,35,298,33,147,"NA:N,SA:N",0A10|1A1|2A4|3A3|4A1|5A4|6E19|7A12|8A1|9A20|10A7|11A2|12E13
96,95487,timeout,1036,300,264.06,2,11,0.8186,0,0.639025,37,220,442,444,150,14,272,21,132,"NA:E,SA:N",0E20|1E20|2E20|3E20|4E20|5E20|6E20|7E20|8E20|9E20|10A17|11A20|12E20
97,96530,timeout,1043,300,244.63,7,5,0.8166,0,0.648075,64,48,455,439,149,11,268,13,144,"NA:N,SA:N",0A2|1A20|2A6|3E11|4A20|5A1|6E11|7A13|8A2|9E7|10E9|11N1|12E10
98,97634,timeout,1104,300,207.74,1,11,0.8145,0,0.626891,3,70,467,504,133,13,316,21,110,"NA:N,SA:N",0E1|1E1|2E1|3E6|4E12|5E11|6E11|7A3|8E11|9E4|10E6|11N1|12E6
99,98660,timeout,1026,300,419.06,4,9,0.8125,0,0.632719,79,76,436,440,150,21,261,26,137,"NA:N,SA:N",0E3|1E3|2E3|3E3|4E3|5E3|6E18|7E20|8A19|9A20|10A20|11A20|12E20
100,99746,timeout,1086,300,513.16,11,2,0.8105,0,0.646647,61,27,447,489,150,26,305,24,138,"NA:N,SA:N",0A15|1A1|2A1|3E7|4A4|5A4|6A6|7A1|8A9|9A1|10A18|11A1|12E20
101,101021,win,1275,297,418.35,13,0,0.8081,0,0.648438,220,0,652,475,148,10,307,6,145,"NA:A,SA:A",0A14|1A20|2A20|3A15|4A14|5A20|6A3|7A20|8A14|9A20|10A20|11A20|12A20
102,101928,timeout,907,300,157.27,8,4,0.8063,0,0.637482,159,78,445,312,150,2,153,2,143,"NA:N,SA:N",0A20|1A20|2A20|3A20|4A20|5A20|6A19|7A20|8E18|9E20|10E20|11N1|12E20
103,102999,timeout,1071,300,224.61,6,6,0.8043,0,0.613002,45,46,453,469,149,11,300,13,137,"NA:N,SA:N",0A13|1E8|2A6|3A18|4E16|5A5|6A1|7A2|8E10|9E4|10E4|11N1|12E4
104,104174,timeout,1175,300,314.45,9,4,0.8021,0,0.620581,139,34,557,468,150,13,295,13,139,"NA:N,SA:A",0E1|1A3|2A16|3E4|4E14|5A20|6A19|7A1|8E15|9A20|10A20|11A20|12A20
105,105248,timeout,1074,300,328.54,5,7,0.8000,0,0.624852,32,50,450,474,150,17,299,21,141,"NA:N,SA:N",0E1|1E1|2A5|3E9|4E20|5A1|6A17|7A5|8A4|9E14|10E3|11N1|12E2
106,106288,timeout,1040,300,137.60,6,6,0.7981,0,0.608646,79,46,453,438,149,6,274,8,137,"NA:N,SA:N",0E1|1E6|2A20|3E14|4A15|5A20|6A18|7A4|8A2|9E13|10E6|11N1|12E6
107,107280,timeout,992,300,165.72,6,6,0.7962,0,0.621396,114,80,447,397,148,6,231,8,143,"NA:N,SA:N",0A20|1A20|2A20|3E19|4A18|5A20|6E20|7A16|8E14|9E9|10E9|11N1|12E9
108,108293,timeout,1013,300,161.03,7,5,0.7942,0,0.624856,88,60,450,413,150,6,249,8,140,"NA:N,SA:N",0E4|1A17|2A20|3E20|4A20|5A15|6A9|7A5|8A2|9E19|10E9|11N1|12E8
109,109359,timeout,1066,300,265.36,3,10,0.7922,0,0.607127,27,66,450,466,150,15,293,20,136,"NA:E,SA:N",0E1|1E1|2E2|3E8|4E17|5E2|6E3|7E9|8E3|9A10|10A4|11A13|12E20
110,110384,timeout,1025,300,176.55,9,3,0.7903,0,0.597552,175,60,497,378,150,4,216,4,144,"NA:A,SA:N",0A20|1A20|2A20|3A20|4A20|5A20|6A20|7A20|8A15|9E20|10E20|11N1|12E20
111,111491,timeout,1107,300,358.97,10,3,0.7882,0,0.602204,180,38,532,425,150,14,253,13,136,"NA:N,SA:A",0A12|1E9|2A20|3A20|4E20|5A20|6E9|7A10|8A18|9A20|10A20|11A20|12A20
112,112531,timeout,1040,300,218.60,6,7,0.7862,0,0.582860,41,76,453,438,149,10,269,13,144,"NA:N,SA:N",0E8|1E1|2E3|3E18|4E12|5A12|6E20|7A2|8A18|9A1|10E14|11A5|12A3
113,113669,win,1138,267,498.88,13,0,0.7840,0,0.610200,240,0,590,415,133,14,258,10,123,"NA:A,SA:A",0A20|1A17|2A20|3A20|4A3|5A20|6A20|7A20|8A20|9A20|10A20|11A20|12A20
114,114711,timeout,1042,300,191.62,7,5,0.7820,0,0.587791,67,42,458,434,150,8,267,11,143,"NA:N,SA:N",0A2|1E13|2A16|3A13|4A20|5A1|6E17|7A1|8A14|9E6|10E3|11N1|12E3
115,115739,timeout,1028,300,96.28,3,10,0.7801,0,0.603574,47,99,449,432,147,4,269,8,139,"NA:N,SA:N",0E16|1E4|2E1|3E19|4E1|5E2|6E8|7E9|8A11|9A20|10E20|11A16|12E19
116,116737,timeout,998,300,119.58,7,5,0.7782,0,0.617521,97,65,450,398,150,3,238,4,143,"NA:N,SA:N",0A19|1A18|2A20|3E18|4A16|5A3|6A1|7A20|8E16|9E10|10E10|11N1|12E11
117,117801,timeout,1064,300,374.24,8,4,0.7762,0,0.590475,80,31,453,462,149,18,285,19,134,"NA:N,SA:N",0A20|1A10|2A20|3A8|4A1|5A2|6E18|7A18|8A1|9E5|10E4|11N1|12E4
118,118807,timeout,1006,300,35.16,3,9,0.7743,0,0.566102,57,86,450,407,149,0,250,4,132,"NA:N,SA:N",0E17|1E1|2A18|3E9|4E18|5A20|6E8|7A19|8E7|9E9|10E9|11N1|12E8
119,119819,timeout,1012,300,225.52,5,8,0.7723,0,0.579867,62,83,446,417,149,9,250,12,131,"NA:N,SA:N",0E6|1E1|2A2|3E10|4E4|5E9|6E20|7A20|8A20|9A1|10E20|11A19|12E13
120,120871,timeout,1052,300,341.62,9,4,0.7703,0,0.553202,76,41,450,452,150,16,278,16,141,"NA:N,SA:N",0A14|1A16|2A20|3E20|4A1|5A18|6E12|7A3|8A1|9A1|10E6|11A2|12E3
121,121921,timeout,1050,300,161.00,6,6,0.7684,0,0.566656,49,47,452,448,150,7,283,9,132,"NA:N,SA:N",0A20|1A9|2A1|3E18|4E18|5A2|6A15|7A2|8E6|9E3|10E1|11N1|12E1
122,122952,timeout,1031,300,143.21,7,5,0.7664,0,0.562397,99,43,455,427,149,5,263,6,143,"NA:N,SA:N",0A13|1A20|2A20|3E17|4A18|5A1|6E12|7A18|8A9|9E7|10E3|11N1|12E4
123,123938,timeout,986,300,187.26,5,8,0.7645,0,0.554110,98,103,441,395,150,8,228,13,137,"NA:N,SA:A",0E9|1E10|2E9|3E15|4E9|5E11|6E20|7E20|8A18|9A20|10A20|11A20|12A20
124,124982,timeout,1044,300,262.24,8,4,0.7625,0,0.567888,73,49,450,444,150,12,274,13,143,"NA:N,SA:N",0A4|1A4|2A3|3A20|4E18|5A2|6A20|7A6|8A14|9E20|10E6|11N1|12E5
125,125998,timeout,1016,300,142.16,7,6,0.7606,0,0.543160,84,79,450,416,150,5,251,7,147,"NA:N,SA:N",0E5|1E1|2A12|3E13|4E20|5A1|6E20|7A19|8A20|9A2|10E20|11A10|12A20
126,127009,timeout,1011,300,60.81,4,8,0.7587,0,0.572238,55,78,450,411,150,1,253,5,139,"NA:N,SA:N",0E12|1A20|2A17|3E13|4E20|5A16|6E12|7A2|8E14|9E3|10E2|11N1|12E2
127,128089,win,1080,255,431.80,13,0,0.7566,0,0.564310,229,0,566,388,126,10,240,5,115,"NA:A,SA:A",0A20|1A17|2A10|3A20|4A3|5A20|6A20|7A19|8A20|9A20|10A20|11A20|12A20
128,129056,timeout,967,300,207.17,7,5,0.7548,0,0.530118,122,97,450,367,150,6,204,7,144,"NA:N,SA:N",0E17|1A13|2A20|3E20|4A11|5A20|6A20|7A20|8A18|9E20|10E20|11N1|12E20
129,130091,timeout,1035,300,309.55,4,9,0.7528,0,0.541968,67,78,452,433,150,14,260,19,138,"NA:N,SA:N",0E1|1E4|2E7|3E2|4E1|5E12|6E16|7E17|8A15|9A20|10E18|11A12|12A20
130,131119,timeout,1028,300,200.98,2,10,0.7509,0,0.545216,40,93,445,433,150,10,265,16,126,"NA:N,SA:N",0E1|1E1|2E3|3E16|4E12|5E14|6E20|7A20|8A20|9E20|10E3|11N1|12E3
131,132073,timeout,954,300,114.74,7,5,0.7491,0,0.536887,124,100,450,354,150,1,195,3,142,"NA:N,SA:N",0A14|1A20|2A20|3E20|4A12|5A20|6E20|7A20|8A18|9E20|10E20|11N1|12E20
132,133058,timeout,985,300,159.85,6,6,0.7472,0,0.555371,73,89,437,398,150,5,235,7,143,"NA:N,SA:N",0A9|1A15|2A20|3E14|4E16|5A3|6E14|7A20|8A6|9E18|10E14|11N1|12E13
133,134072,timeout,1014,300,104.74,7,5,0.7453,0,0.541421,86,46,452,412,150,3,250,5,135,"NA:N,SA:N",0A18|1A2|2A20|3E17|4A20|5A3|6E17|7A5|8A18|9E5|10E4|11N1|12E3
134,135095,timeout,1023,300,335.13,6,7,0.7433,0,0.564208,90,80,453,421,149,15,247,18,140,"NA:N,SA:N",0E1|1E5|2E1|3E19|4E20|5E14|6A12|7A9|8A20|9A9|10E20|11A20|12A20
135,136203,timeout,1108,300,269.88,11,2,0.7412,0,0.501800,220,37,559,399,150,7,233,5,146,"NA:N,SA:A",0A20|1A20|2A20|3E18|4A20|5A20|6E19|7A20|8A20|9A20|10A20|11A20|12A20
136,137177,timeout,974,300,120.04,8,4,0.7394,0,0.505170,124,75,453,372,149,2,210,4,142,"NA:N,SA:N",0A17|1A20|2A20|3E15|4A2|5A20|6A5|7A20|8A20|9E20|10E20|11N1|12E20
137,138195,timeout,1018,300,136.88,6,6,0.7374,0,0.540379,46,83,453,416,149,4,254,6,139,"NA:N,SA:N",0A17|1A2|2A7|3E18|4E20|5A1|6A1|7A18|8E15|9E10|10E10|11N1|12E10
138,139181,timeout,986,300,83.16,6,6,0.7356,0,0.527657,105,83,450,386,150,1,228,3,141,"NA:N,SA:N",0A20|1A19|2A20|3E18|4A6|5A20|6E20|7A20|8E20|9E8|10E8|11N1|12E9
139,140195,timeout,1014,300,263.14,8,4,0.7336,0,0.503457,110,42,453,412,149,10,244,10,146,"NA:N,SA:N",0A5|1A20|2A11|3E20|4A20|5A20|6A13|7A1|8A20|9E11|10E6|11N1|12E5
140,141173,timeout,978,300,85.18,5,7,0.7318,0,0.510299,91,87,444,386,148,1,227,3,144,"NA:N,SA:N",0E16|1A11|2A20|3E20|4A20|5A20|6E20|7A20|8E20|9E3|10E4|11N1|12E4
141,142135,timeout,962,300,115.22,6,6,0.7299,0,0.497522,105,111,453,361,148,1,201,2,143,"NA:N,SA:N",0A10|1A20|2A20|3E20|4A20|5A15|6E19|7A20|8E20|9E17|10E18|11N1|12E17
142,143084,timeout,949,300,120.89,6,6,0.7281,0,0.521913,117,112,450,349,150,1,191,3,147,"NA:N,SA:N",0A20|1A20|2A20|3E18|4A20|5A17|6E17|7A20|8E17|9E20|10E20|11N1|12E20
143,144093,timeout,1009,300,119.19,6,6,0.7262,0,0.525106,90,71,455,405,149,3,244,4,141,"NA:N,SA:N",0E1|1A1|2A20|3E11|4A16|5A16|6A18|7A19|8E16|9E15|10E14|11N1|12E14
144,145089,timeout,996,300,66.56,6,6,0.7243,0,0.509999,92,86,453,395,148,0,236,2,143,"NA:N,SA:N",0A15|1A20|2A20|3E19|4A9|5A8|6E17|7A20|8E14|9E12|10E12|11N1|12E12
145,145996,timeout,907,300,174.27,7,5,0.7226,0,0.530011,138,91,432,325,150,3,163,5,147,"NA:N,SA:N",0A20|1A20|2A20|3A20|4A19|5A20|6E12|7A19|8E19|9E20|10E20|11N1|12E20
146,146966,timeout,970,300,102.40,6,6,0.7208,0,0.507192,112,86,448,373,149,1,214,3,146,"NA:N,SA:N",0A16|1A18|2A20|3E19|4A20|5A20|6E15|7A18|8E16|9E12|10E12|11N1|12E12
147,147937,timeout,971,300,107.71,6,6,0.7189,0,0.502639,91,98,450,371,150,1,213,3,146,"NA:N,SA:N",0A20|1A20|2A19|3E18|4A10|5A2|6E11|7A20|8E18|9E17|10E17|11N1|12E17
148,148875,timeout,938,300,79.48,5,7,0.7171,0,0.494418,100,132,437,351,150,0,192,4,143,"NA:N,SA:N",0E12|1A20|2A20|3E20|4A20|5A20|6E20|7A20|8E20|9E20|10E20|11N1|12E20
149,149843,timeout,968,300,77.28,5,7,0.7153,0,0.501415,92,123,450,368,150,0,211,3,143,"NA:N,SA:N",0E6|1A20|2A16|3E20|4A19|5A17|6E20|7A20|8E20|9E19|10E19|11N1|12E19
150,150832,timeout,989,300,56.99,5,7,0.7134,0,0.497180,88,82,450,389,150,0,232,3,143,"NA:N,SA:N",0E18|1A19|2A20|3E20|4A20|5A20|6E19|7A9|8E9|9E5|10E6|11N1|12E5
151,151772,timeout,940,300,144.80,6,6,0.7116,0,0.495221,119,119,442,348,150,2,189,4,140,"NA:N,SA:N",0E19|1A19|2A20|3E20|4A20|5A20|6E20|7A20|8A20|9E20|10E20|11N1|12E20
152,152663,timeout,891,300,132.81,6,6,0.7099,0,0.483611,120,119,423,319,149,1,160,2,138,"NA:N,SA:N",0A20|1A20|2A20|3E19|4A20|5A20|6E20|7A20|8E20|9E20|10E20|11N1|12E20
153,153542,timeout,879,300,120.39,4,8,0.7083,0,0.464706,71,133,387,342,150,2,183,5,138,"NA:N,SA:N",0E13|1E15|2A20|3E13|4E20|5A13|6E20|7A19|8A19|9E20|10E16|11N1|12E16
154,154518,timeout,976,300,136.76,6,6,0.7064,0,0.494690,95,113,452,374,150,3,213,5,142,"NA:N,SA:N",0E15|1A20|2A20|3E20|4A20|5A14|6E20|7A1|8A20|9E18|10E20|11N1|12E20
155,155449,timeout,931,300,93.51,4,8,0.7046,0,0.522022,59,112,411,370,150,2,211,6,130,"NA:N,SA:N",0E13|1A3|2A20|3E20|4E20|5A17|6E15|7A19|8E15|9E10|10E9|11N1|12E10
156,156411,timeout,962,300,123.72,6,6,0.7028,0,0.492677,113,117,452,360,150,1,202,2,146,"NA:N,SA:N",0A17|1A20|2A18|3E17|4A18|5A20|6E20|7A20|8E20|9E20|10E20|11N1|12E20
157,157280,timeout,869,300,139.69,8,4,0.7012,0,0.528135,160,78,426,293,150,1,133,2,145,"NA:N,SA:N",0A20|1A20|2A20|3A20|4A20|5A20|6A20|7A20|8E18|9E20|10E20|11N1|12E20
158,158300,timeout,1020,300,165.40,6,6,0.6992,0,0.533221,80,67,452,418,150,6,253,9,138,"NA:N,SA:N",0A19|1A3|2A8|3E8|4E18|5A20|6A19|7A11|8E11|9E10|10E10|11N1|12E10
159,159219,timeout,919,300,112.59,7,5,0.6975,0,0.534525,117,87,417,353,149,1,194,1,141,"NA:N,SA:N",0A18|1A17|2A20|3E20|4A19|5A20|6E17|7A19|8A4|9E17|10E17|11N1|12E16
160,160251,timeout,1032,300,109.72,5,8,0.6955,0,0.578740,71,75,455,428,149,4,264,8,133,"NA:N,SA:N",0E15|1E1|2E1|3E15|4E1|5E4|6E19|7A12|8A6|9A20|10A19|11A14|12E19
161,161237,timeout,986,300,169.26,7,5,0.6936,0,0.585389,83,100,453,384,149,5,220,7,143,"NA:N,SA:N",0A3|1A20|2A5|3E20|4A20|5A9|6E20|7A20|8A6|9E20|10E20|11N1|12E20
162,162123,timeout,886,300,122.26,6,6,0.6920,0,0.578757,117,118,411,325,150,1,167,3,140,"NA:N,SA:N",0A17|1A20|2A20|3E19|4A20|5A20|6E19|7A20|8E20|9E20|10E20|11N1|12E20
163,163120,timeout,997,300,146.97,9,4,0.6901,0,0.622359,91,79,450,397,150,4,236,3,144,"NA:N,SA:N",0E19|1A18|2A20|3E20|4A1|5A3|6A20|7A2|8A12|9A4|10E20|11A11|12E20
164,164071,timeout,951,300,301.11,8,5,0.6883,0,0.614491,133,99,450,351,150,9,184,9,133,"NA:N,SA:N",0A19|1E19|2A20|3A17|4E20|5A13|6A20|7E20|8A20|9A19|10E20|11A5|12E20
165,165072,timeout,1001,300,44.71,4,8,0.6864,0,0.583591,64,107,453,399,149,0,241,4,137,"NA:N,SA:N",0E13|1E19|2A18|3E17|4A6|5A20|6E18|7A20|8E6|9E12|10E11|11N1|12E11
166,166072,timeout,1000,300,325.90,7,6,0.6845,0,0.605091,103,95,450,400,150,13,229,14,139,"NA:N,SA:N",0E12|1E12|2A13|3E12|4E20|5A20|6E20|7A17|8A10|9A20|10A19|11A4|12E19
167,167012,timeout,940,300,134.10,6,6,0.6827,0,0.618035,118,107,436,355,149,2,195,3,141,"NA:N,SA:N",0A20|1A20|2A20|3E17|4A18|5A20|6E14|7A20|8E16|9E20|10E20|11N1|12E20
168,167954,timeout,942,300,133.42,6,6,0.6809,0,0.607344,113,120,453,340,149,1,180,4,143,"NA:N,SA:N",0E20|1A14|2A20|3E20|4A20|5A20|6E20|7A20|8A19|9E20|10E20|11N1|12E20
169,168834,timeout,880,300,128.10,7,5,0.6792,0,0.601502,126,89,430,300,150,0,143,1,148,"NA:N,SA:N",0A20|1A20|2A20|3A16|4A19|5A20|6E12|7A11|8E17|9E20|10E20|11N1|12E20
170,169749,timeout,915,300,96.55,6,6,0.6775,0,0.598209,115,118,433,333,149,0,175,2,137,"NA:N,SA:N",0A17|1A20|2A20|3E20|4A20|5A20|6E20|7A18|8E18|9E20|10E20|11N1|12E20
171,170640,timeout,891,300,73.71,5,7,0.6758,0,0.587881,100,112,400,341,150,0,183,3,136,"NA:N,SA:N",0E18|1A20|2A20|3E20|4A20|5A20|6E20|7A20|8E20|9E11|10E12|11N1|12E11
172,171539,timeout,899,300,136.99,6,6,0.6741,0,0.581699,119,118,430,319,150,1,161,3,144,"NA:N,SA:N",0A19|1A20|2A20|3E18|4A20|5A20|6E20|7A20|8E20|9E20|10E20|11N1|12E20
173,172453,timeout,914,300,144.04,4,8,0.6723,0,0.587749,72,95,397,368,149,4,207,7,134,"NA:N,SA:N",0E17|1A18|2A17|3E18|4E20|5A17|6E16|7A20|8E16|9E3|10E3|11N1|12E2
174,173366,timeout,913,300,118.93,6,6,0.6706,0,0.594508,116,111,427,336,150,1,177,4,145,"NA:N,SA:N",0A18|1A20|2A20|3E17|4A18|5A20|6E16|7A20|8E18|9E20|10E20|11N1|12E20
175,174242,timeout,876,300,132.36,4,8,0.6689,0,0.593933,76,119,384,342,150,3,182,7,134,"NA:N,SA:N",0E14|1E11|2E18|3E20|4E20|5A20|6A20|7A20|8A16|9E20|10E8|11N1|12E8
176,175200,timeout,958,300,241.68,2,10,0.6671,0,0.590515,40,139,410,402,146,11,231,15,123,"NA:N,SA:N",0E7|1E17|2E15|3E7|4E16|5E18|6E20|7A20|8A20|9E20|10E10|11N1|12E9
177,176177,timeout,977,300,103.97,6,6,0.6653,0,0.598337,113,106,455,373,149,1,213,3,140,"NA:N,SA:N",0A17|1A20|2A19|3E17|4A17|5A20|6E18|7A20|8E16|9E19|10E18|11N1|12E18
178,177225,timeout,1048,300,266.58,10,3,0.6633,0,0.600290,199,59,532,367,149,6,203,4,143,"NA:N,SA:A",0E19|1A19|2A20|3E20|4A20|5A20|6E20|7A20|8A20|9A20|10A20|11A20|12A20
179,178102,timeout,877,300,118.37,7,5,0.6616,0,0.558820,134,100,408,320,149,1,160,3,143,"NA:N,SA:N",0A20|1A20|2A20|3A18|4A17|5A20|6E20|7A19|8E20|9E20|10E20|11N1|12E20
180,179138,timeout,1036,300,290.16,8,5,0.6596,0,0.552031,158,76,491,396,149,11,226,10,124,"NA:N,SA:A",0E9|1E20|2A20|3E9|4E18|5A20|6E20|7A18|8A20|9A20|10A20|11A20|12A20
181,180042,timeout,904,300,100.24,4,8,0.6579,0,0.543621,74,115,406,349,149,1,191,4,142,"NA:N,SA:N",0E7|1E19|2A18|3E20|4A19|5A20|6E20|7A17|8E20|9E10|10E10|11N1|12E9
182,180935,timeout,893,300,106.03,6,6,0.6562,0,0.530307,119,114,414,329,150,0,172,2,144,"NA:N,SA:N",0A20|1A20|2A20|3E16|4A19|5A20|6E18|7A20|8E20|9E20|10E20|11N1|12E20
183,181892,timeout,957,300,213.97,7,6,0.6544,0,0.548277,128,120,453,356,148,5,192,6,135,"NA:N,SA:N",0E20|1E20|2A10|3E20|4E20|5A20|6E20|7A20|8A20|9A18|10E20|11A20|12A20
184,182739,timeout,847,300,133.17,6,6,0.6528,0,0.561804,109,114,409,288,150,0,131,2,145,"NA:N,SA:N",0A17|1A20|2A20|3E15|4A14|5A18|6E19|7A20|8E20|9E20|10E20|11N1|12E20
185,183683,timeout,944,300,104.14,6,6,0.6510,0,0.555965,116,104,436,359,149,1,201,2,141,"NA:N,SA:N",0E6|1A18|2A20|3E20|4A18|5A20|6E20|7A20|8A20|9E18|10E20|11N1|12E20
186,184631,timeout,948,300,133.38,7,5,0.6492,0,0.531898,137,93,450,348,150,1,190,2,144,"NA:N,SA:N",0A19|1A20|2A20|3E13|4A18|5A20|6E20|7A20|8A20|9E20|10E20|11N1|12E20
187,185590,timeout,959,300,208.89,7,6,0.6474,0,0.532020,140,119,460,349,150,6,184,8,138,"NA:N,SA:A",0E20|1E20|2E19|3E20|4E20|5A20|6E20|7A20|8A20|9A20|10A20|11A20|12A20
188,186450,timeout,860,300,171.80,7,5,0.6457,0,0.548035,140,95,391,320,149,3,158,4,140,"NA:N,SA:N",0A20|1A20|2A20|3E19|4A20|5A20|6A20|7A20|8E16|9E20|10E20|11N1|12E20
189,187249,timeout,799,300,130.69,6,6,0.6442,0,0.543982,117,108,379,271,149,0,113,1,133,"NA:N,SA:N",0A19|1A20|2A20|3E16|4A19|5A20|6E12|7A19|8E20|9E20|10E20|11N1|12E20
190,188163,timeout,914,300,115.74,6,6,0.6425,0,0.552247,115,116,433,332,149,0,174,1,138,"NA:N,SA:N",0A18|1A20|2A20|3E18|4A17|5A20|6E20|7A20|8E18|9E20|10E20|11N1|12E20
191,189223,timeout,1060,300,215.90,9,4,0.6405,0,0.560631,179,78,532,378,150,5,214,5,139,"NA:N,SA:A",0E20|1E19|2A20|3E19|4A19|5A20|6E20|7A20|8A20|9A20|10A20|11A20|12A20
192,190116,timeout,893,300,127.53,6,6,0.6388,0,0.564703,120,117,428,315,150,0,158,1,142,"NA:N,SA:N",0A20|1A20|2A20|3E17|4A20|5A20|6E20|7A20|8E20|9E20|10E20|11N1|12E20
193,191011,timeout,895,300,108.85,5,7,0.6371,0,0.548724,96,113,402,343,150,1,185,3,141,"NA:N,SA:N",0E13|1E16|2A20|3E16|4A19|5A20|6A20|7A17|8E20|9E16|10E16|11N1|12E16
194,191961,timeout,950,300,144.40,7,5,0.6353,0,0.573829,134,100,450,350,150,2,190,4,145,"NA:N,SA:N",0A18|1A20|2A20|3E20|4A20|5A20|6E20|7A20|8A16|9E20|10E20|11N1|12E20
195,192817,timeout,856,300,93.66,4,8,0.6336,0,0.585159,77,122,370,336,150,1,178,5,140,"NA:N,SA:N",0E16|1E19|2A19|3E20|4E20|5A18|6A20|7A20|8E20|9E9|10E9|11N1|12E9
196,193645,timeout,828,300,111.88,7,5,0.6321,0,0.574488,136,100,384,294,150,0,136,2,145,"NA:N,SA:N",0A20|1A20|2A20|3A18|4A18|5A20|6E20|7A20|8E20|9E20|10E20|11N1|12E20
197,194556,timeout,911,300,114.71,6,6,0.6303,0,0.594060,114,116,418,343,150,1,186,2,139,"NA:N,SA:N",0E19|1A19|2A20|3E20|4A18|5A20|6E20|7A19|8A18|9E20|10E18|11N1|12E19
198,195511,timeout,955,300,126.65,7,5,0.6285,0,0.627785,104,96,452,353,150,1,194,2,142,"NA:N,SA:N",0A20|1A20|2A20|3E18|4A4|5A3|6E18|7A20|8A17|9E20|10E20|11N1|12E20
199,196307,timeout,796,300,138.76,7,5,0.6270,0,0.622723,138,100,375,273,148,0,114,1,144,"NA:N,SA:N",0A20|1A20|2A20|3A18|4A20|5A20|6E20|7A20|8E20|9E20|10E20|11N1|12E20
200,197231,timeout,924,300,135.64,7,5,0.6253,0,0.666594,140,99,439,335,150,1,175,3,138,"NA:N,SA:N",0A20|1A20|2A20|3E19|4A20|5A20|6E20|7A20|8A20|9E20|10E20|11N1|12E20
201,198191,timeout,960,300,116.10,7,5,0.6234,0,0.654217,121,98,450,360,150,1,202,2,143,"NA:N,SA:N",0A19|1A20|2A18|3E18|4A18|5A20|6E20|7A18|8A8|9E20|10E20|11N1|12E20
202,199088,timeout,897,300,112.97,6,6,0.6217,0,0.717060,116,120,423,324,150,0,167,2,144,"NA:N,SA:N",0A18|1A20|2A20|3E20|4A20|5A20|6E20|7A18|8E20|9E20|10E20|11N1|12E20
203,200012,timeout,924,300,137.04,7,5,0.6200,0,0.784926,131,100,439,335,150,1,176,2,144,"NA:N,SA:N",0A18|1A20|2A20|3E20|4A17|5A17|6E20|7A20|8A19|9E20|10E20|11N1|12E20
204,200982,timeout,970,300,77.00,5,7,0.6181,0,0.840595,85,127,450,370,150,0,214,2,144,"NA:N,SA:N",0E17|1A19|2A20|3E20|4A17|5A9|6E20|7A20|8E20|9E16|10E17|11N1|12E17
205,201909,timeout,927,300,247.87,6,7,0.6164,0,0.902659,118,140,428,351,148,9,183,10,134,"NA:N,SA:A",0E20|1E20|2E20|3E20|4E20|5E20|6E20|7A18|8A20|9A20|10A20|11A20|12A20
206,202850,timeout,941,300,157.71,6,7,0.6146,0,1.025835,117,131,433,359,149,4,195,7,135,"NA:N,SA:N",0E18|1E18|2E19|3E19|4E20|5A20|6E18|7A20|8A18|9A20|10A19|11A20|12E19
207,203917,timeout,1067,300,210.87,9,4,0.6126,0,1.203788,137,75,508,409,150,6,245,6,143,"NA:N,SA:A",0E16|1A19|2A20|3E19|4E20|5A9|6E20|7A19|8A5|9A20|10A9|11A16|12A20
208,204960,timeout,1043,300,220.93,6,7,0.6106,0,1.354664,119,132,495,398,150,8,231,11,125,"NA:N,SA:A",0E18|1E18|2E18|3E19|4E20|5E19|6E20|7A19|8A20|9A20|10A20|11A20|12A20
209,205953,timeout,993,300,242.33,11,2,0.6087,0,1.603073,220,33,504,339,150,5,175,3,144,"NA:N,SA:A",0E17|1A20|2A20|3E16|4A20|5A20|6A20|7A20|8A20|9A20|10A20|11A20|12A20
210,207082,timeout,1129,300,282.49,11,2,0.6065,0,1.982087,219,39,580,399,150,8,232,7,146,"NA:N,SA:A",0E19|1A19|2A20|3E20|4A20|5A20|6A20|7A20|8A20|9A20|10A20|11A20|12A20
211,208184,timeout,1102,300,340.82,10,3,0.6045,0,2.217238,198,55,554,398,150,11,228,10,130,"NA:N,SA:A",0A19|1A20|2A20|3E18|4E20|5A20|6A19|7E17|8A20|9A20|10A20|11A20|12A20
212,209131,timeout,947,300,122.87,3,9,0.6027,0,2.570667,60,92,398,399,150,6,234,12,114,"NA:N,SA:N",0E1|1E16|2A20|3E8|4E20|5A20|6E19|7A20|8E18|9E5|10E2|11N1|12E3
213,210276,timeout,1145,300,119.15,1,11,0.6005,0,2.911931,17,216,551,557,37,6,283,11,33,"NA:N,SA:N",0E20|1E20|2E20|3E20|4E20|5E20|6E17|7E19|8A17|9E20|10E20|11N1|12E20
214,211401,timeout,1125,300,374.75,11,2,0.5983,0,3.499325,199,39,559,416,150,13,245,11,132,"NA:N,SA:A",0A19|1E19|2A20|3A20|4E20|5A20|6A20|7A9|8A20|9A20|10A11|11A20|12A20
215,212494,timeout,1093,300,96.53,1,12,0.5963,0,4.289409,18,240,468,524,101,8,309,16,87,"NA:E,SA:N",0E20|1E20|2E20|3E20|4E20|5E20|6E20|7E20|8E20|9E20|10E20|11A18|12E20
216,213709,timeout,1215,300,106.45,1,12,0.5940,0,4.757927,14,240,568,590,57,8,330,17,48,"NA:E,SA:N",0E20|1E20|2E20|3E20|4E20|5E20|6E20|7E20|8E20|9E20|10E20|11A14|12E20
217,214853,timeout,1144,300,402.34,5,8,0.5918,0,5.179607,16,57,456,540,148,25,355,28,131,"NA:N,SA:N",0E0|1E1|2E1|3E3|4E10|5E10|6E20|7A12|8A1|9A1|10E12|11A1|12A1
218,215825,win,972,258,600.82,13,0,0.5899,0,5.735660,78,0,417,428,127,24,265,19,121,"NA:A,SA:A",0A3|1A16|2A1|3A3|4A5|5A18|6A1|7A1|8A1|9A6|10A16|11A2|12A5
219,216826,timeout,1001,300,249.31,8,5,0.5880,0,6.126722,160,96,474,377,150,9,210,9,138,"NA:N,SA:A",0E20|1E20|2E16|3E20|4E20|5A20|6A20|7A20|8A20|9A20|10A20|11A20|12A20
220,217259,loss,433,111,126.53,0,13,0.5872,0,6.583500,0,75,173,207,53,11,129,19,47,"NA:E,SA:E",0E1|1E1|2E1|3E4|4E11|5E3|6E4|7E3|8E6|9E7|10E20|11E3|12E11
221,217835,loss,576,147,16.96,0,13,0.5861,0,7.392061,0,166,227,278,71,6,187,13,52,"NA:E,SA:E",0E14|1E14|2E14|3E14|4E14|5E14|6E15|7E17|8E14|9E9|10E12|11E3|12E12
222,218455,loss,620,158,112.50,0,13,0.5849,0,8.095189,0,93,248,297,75,11,195,19,60,"NA:E,SA:E",0E2|1E3|2E2|3E4|4E13|5E6|6E12|7E6|8E8|9E9|10E12|11E3|12E13
223,219563,timeout,1108,300,316.78,7,5,0.5828,0,8.574511,15,64,455,503,150,18,328,19,138,"NA:N,SA:N",0E15|1A3|2A2|3E20|4A2|5A3|6A1|7A3|8A1|9E15|10E7|11N1|12E7
224,220690,timeout,1127,300,277.37,4,9,0.5807,0,8.922745,6,37,452,525,150,18,349,22,137,"NA:N,SA:N",0E1|1E1|2E1|3E6|4E2|5E3|6E11|7A3|8A1|9A1|10E6|11A1|12E6
225,221837,timeout,1147,300,390.37,11,2,0.5785,0,10.156615,218,40,586,411,150,14,238,13,142,"NA:N,SA:A",0E20|1A18|2A20|3E20|4A20|5A20|6A20|7A20|8A20|9A20|10A20|11A20|12A20
226,222722,loss,885,211,280.55,0,13,0.5768,0,11.991053,0,116,359,426,100,21,286,29,80,"NA:E,SA:E",0E6|1E6|2E6|3E7|4E9|5E7|6E11|7E6|8E11|9E7|10E17|11E20|12E3
227,223561,loss,839,209,321.59,0,13,0.5752,0,13.235201,0,60,326,417,96,23,273,31,80,"NA:E,SA:E",0E3|1E2|2E2|3E2|4E2|5E2|6E6|7E2|8E3|9E9|10E12|11E12|12E3
228,224753,loss,1192,298,377.82,0,12,0.5730,0,14.664389,0,49,470,581,141,27,390,34,119,"NA:E,SA:N",0E2|1E1|2E1|3E5|4E9|5E6|6E6|7E4|8E3|9E7|10E2|11N1|12E3
229,225822,timeout,1069,300,149.19,7,5,0.5709,0,15.236836,56,60,458,462,149,7,299,5,140,"NA:N,SA:N",0A17|1A20|2A11|3E18|4A4|5A2|6A1|7A1|8E20|9E8|10E7|11N1|12E7
230,226844,timeout,1022,300,264.12,12,1,0.5690,0,16.185532,238,18,527,345,150,6,181,3,141,"NA:N,SA:A",0A18|1A20|2A20|3E18|4A20|5A20|6A20|7A20|8A20|9A20|10A20|11A20|12A20
231,227979,loss,1135,297,70.95,0,13,0.5668,0,16.251168,0,138,470,528,137,9,352,16,126,"NA:E,SA:E",0E10|1E10|2E9|3E10|4E13|5E9|6E10|7E9|8E9|9E9|10E17|11E20|12E3
232,228614,loss,635,165,156.85,0,13,0.5656,0,18.591029,0,85,254,301,80,13,194,22,67,"NA:E,SA:E",0E13|1E3|2E4|3E9|4E3|5E3|6E4|7E3|8E8|9E9|10E10|11E13|12E3
233,229648,timeout,1034,300,38.94,7,5,0.5637,0,19.289657,57,100,453,432,149,1,273,2,135,"NA:N,SA:N",0A14|1A1|2A19|3E20|4A1|5A20|6A1|7A1|8E20|9E20|10E20|11N1|12E20
234,230603,loss,955,239,248.95,0,13,0.5619,0,19.687392,0,82,388,456,111,19,300,28,99,"NA:E,SA:E",0E4|1E3|2E3|3E12|4E9|5E2|6E3|7E2|8E2|9E3|10E16|11E20|12E3
235,231693,timeout,1090,300,71.50,8,4,0.5598,0,21.070639,39,46,455,485,150,5,322,6,141,"NA:N,SA:N",0A9|1A17|2A1|3E3|4A1|5A4|6A1|7A5|8A1|9E12|10E16|11N1|12E15
236,232692,timeout,999,300,248.39,11,2,0.5579,0,20.688751,218,40,509,340,150,6,175,5,143,"NA:N,SA:A",0E20|1A18|2A20|3E20|4A20|5A20|6A20|7A20|8A20|9A20|10A20|11A20|12A20
237,233736,timeout,1044,300,104.14,8,4,0.5559,0,23.521511,81,56,453,443,148,4,281,3,138,"NA:N,SA:N",0A12|1A18|2A7|3E14|4A7|5A20|6A1|7A15|8A1|9E13|10E14|11N1|12E15
238,234824,timeout,1088,300,490.28,11,2,0.5538,0,25.777319,217,39,564,375,149,18,199,15,144,"NA:N,SA:A",0E19|1A17|2A20|3E20|4A20|5A20|6A20|7A20|8A20|9A20|10A20|11A20|12A20
239,235957,timeout,1133,300,204.03,1,11,0.5517,0,26.148845,1,64,461,524,148,15,350,21,132,"NA:N,SA:N",0E1|1E4|2E1|3E14|4E2|5E6|6E15|7E3|8A1|9E9|10E4|11N1|12E5
240,237080,timeout,1123,300,258.03,11,2,0.5495,0,27.174302,161,40,527,446,150,10,277,8,133,"NA:N,SA:A",0E20|1A20|2A19|3E20|4A20|5A1|6A3|7A20|8A2|9A20|10A16|11A20|12A20
241,238203,timeout,1123,300,212.33,4,8,0.5474,0,27.742923,4,71,459,517,147,14,344,17,126,"NA:N,SA:N",0E1|1E9|2A1|3E5|4E6|5A1|6E19|7A1|8A1|9E8|10E11|11N1|12E12
242,239283,timeout,1080,300,416.00,11,2,0.5454,0,33.487121,217,39,539,391,150,16,217,14,144,"NA:N,SA:A",0E19|1A18|2A20|3E20|4A19|5A20|6A20|7A20|8A20|9A20|10A20|11A20|12A20
243,240392,timeout,1109,300,246.49,2,10,0.5433,0,35.762373,8,78,458,502,149,16,328,22,134,"NA:N,SA:N",0E12|1E1|2E2|3E12|4E16|5A4|6E1|7A4|8E1|9E15|10E9|11N1|12E9
244,241433,loss,1041,273,138.51,0,12,0.5413,0,40.171213,0,66,428,483,130,13,319,20,108,"NA:E,SA:N",0E1|1E1|2E3|3E5|4E17|5E3|6E10|7E6|8E3|9E8|10E4|11N1|12E5
245,242329,loss,896,231,118.56,0,13,0.5396,0,43.280874,0,88,365,422,109,12,279,21,96,"NA:E,SA:E",0E3|1E2|2E2|3E3|4E15|5E7|6E6|7E5|8E2|9E10|10E17|11E3|12E13
246,243058,loss,729,185,9.29,0,13,0.5382,0,48.317325,0,112,293,349,87,6,237,14,76,"NA:E,SA:E",0E5|1E5|2E5|3E10|4E5|5E5|6E14|7E4|8E8|9E15|10E13|11E20|12E3
247,244142,timeout,1084,300,432.54,10,3,0.5361,0,53.042194,40,38,450,484,150,23,303,22,140,"NA:N,SA:N",0A11|1A2|2A3|3E18|4A15|5A3|6A1|7A1|8A2|9A1|10E10|11A1|12E10
248,245240,timeout,1098,300,215.58,7,5,0.5340,0,58.178624,22,35,447,504,147,13,332,13,133,"NA:N,SA:N",0E1|1A15|2A1|3E19|4A1|5A1|6A2|7A1|8A1|9E7|10E4|11N1|12E4
249,245864,loss,624,139,297.44,0,13,0.5329,0,58.031247,0,105,245,322,57,22,209,30,43,"NA:E,SA:E",0E4|1E5|2E5|3E4|4E17|5E5|6E11|7E4|8E12|9E7|10E10|11E3|12E18
250,246569,loss,705,159,170.35,0,13,0.5315,0,59.077682,0,101,293,351,61,15,229,24,42,"NA:E,SA:E",0E10|1E15|2E1|3E3|4E17|5E2|6E17|7E3|8E1|9E9|10E10|11E10|12E3
251,247190,loss,621,156,97.71,0,13,0.5303,0,55.720505,0,62,242,304,75,11,202,21,61,"NA:E,SA:E",0E1|1E3|2E1|3E5|4E1|5E3|6E3|7E3|8E5|9E7|10E18|11E3|12E9
252,247669,loss,479,113,155.19,0,12,0.5294,0,59.446294,0,62,194,237,48,13,151,21,41,"NA:E,SA:N",0E1|1E1|2E1|3E12|4E11|5E5|6E11|7E4|8E3|9E7|10E3|11N1|12E3
253,248756,timeout,1087,300,286.37,8,4,0.5274,0,61.782387,52,48,455,482,150,16,309,15,136,"NA:N,SA:N",0A10|1A20|2A1|3A10|4A8|5A1|6E20|7A1|8A1|9E13|10E8|11N1|12E7
254,249583,loss,827,219,92.17,0,13,0.5258,0,64.624073,0,88,338,383,106,10,252,18,98,"NA:E,SA:E",0E4|1E3|2E3|3E14|4E3|5E3|6E3|7E6|8E5|9E10|10E18|11E3|12E13
255,250120,loss,537,128,144.97,0,13,0.5248,0,68.190575,0,83,209,273,55,13,179,21,40,"NA:E,SA:E",0E4|1E4|2E4|3E4|4E10|5E7|6E4|7E3|8E4|9E5|10E11|11E20|12E3
256,251194,timeout,1074,300,97.04,6,6,0.5227,0,65.248789,22,88,450,474,150,6,311,8,129,"NA:N,SA:N",0E8|1A17|2A1|3E18|4A1|5A1|6E6|7A1|8A1|9E16|10E20|11N1|12E20
257,252031,win,837,210,438.97,13,0,0.5211,0,67.022919,111,0,384,350,103,15,220,10,95,"NA:A,SA:A",0A12|1A20|2A20|3A3|4A7|5A2|6A7|7A1|8A3|9A8|10A4|11A20|12A4
258,252919,loss,888,225,50.38,0,13,0.5195,0,62.605541,0,89,354,429,105,9,293,16,87,"NA:E,SA:E",0E3|1E3|2E3|3E12|4E3|5E3|6E11|7E6|8E8|9E9|10E11|11E14|12E3
259,253290,loss,371,91,48.61,0,13,0.5187,0,60.158732,0,59,146,183,42,7,119,15,26,"NA:E,SA:E",0E1|1E1|2E1|3E1|4E4|5E5|6E2|7E3|8E6|9E8|10E11|11E3|12E13
260,254327,loss,1037,286,58.47,0,12,0.5168,0,60.195338,0,110,437,460,140,7,299,15,122,"NA:E,SA:N",0E12|1E1|2E1|3E18|4E10|5E5|6E19|7E3|8E13|9E10|10E9|11N1|12E9
261,255363,timeout,1036,300,70.66,7,5,0.5148,0,58.175857,80,96,450,436,150,3,275,5,133,"NA:N,SA:N",0E20|1A18|2A20|3E20|4A20|5A3|6A3|7A15|8A1|9E18|10E19|11N1|12E19
262,255944,loss,581,152,18.01,0,12,0.5137,0,58.221568,0,66,242,268,71,5,175,12,61,"NA:E,SA:N",0E6|1E1|2E1|3E7|4E10|5E3|6E7|7E7|8E3|9E10|10E5|11N1|12E6
263,256579,loss,635,160,139.85,0,13,0.5125,0,55.644514,0,75,248,310,77,13,205,22,63,"NA:E,SA:E",0E2|1E1|2E2|3E2|4E13|5E8|6E2|7E3|8E4|9E9|10E12|11E3|12E14
264,257648,timeout,1069,300,81.89,6,6,0.5105,0,54.366025,13,106,453,467,149,5,304,7,129,"NA:N,SA:N",0E18|1A7|2A2|3E20|4A1|5A1|6A1|7A1|8E20|9E16|10E16|11N1|12E16
265,258727,timeout,1079,300,205.69,8,5,0.5084,0,53.311042,87,58,468,462,149,11,292,11,140,"NA:N,SA:N",0A20|1A20|2A20|3A19|4A2|5A4|6E19|7A1|8E9|9E10|10E9|11A1|12E11
266,259782,timeout,1055,300,252.55,6,6,0.5064,0,49.873264,25,104,450,455,150,13,285,15,134,"NA:N,SA:N",0E18|1A14|2A5|3E20|4A3|5A1|6A1|7A1|8E19|9E15|10E16|11N1|12E16
267,260725,timeout,943,300,300.93,11,2,0.5046,0,49.145541,219,37,482,311,150,8,144,6,143,"NA:N,SA:A",0E17|1A19|2A20|3E20|4A20|5A20|6A20|7A20|8A20|9A20|10A20|11A20|12A20
268,261729,timeout,1004,300,62.64,7,5,0.5027,0,47.326459,42,88,426,429,149,2,269,2,129,"NA:N,SA:N",0A17|1A18|2A4|3E11|4A0|5A2|6A1|7A0|8E17|9E20|10E20|11N1|12E20
269,263005,timeout,1276,300,399.06,12,1,0.5003,0,45.086336,240,16,645,482,149,16,306,13,137,"NA:N,SA:A",0A20|1A20|2A20|3E16|4A20|5A20|6A20|7A20|8A20|9A20|10A20|11A20|12A20
270,264143,timeout,1138,300,238.88,12,1,0.4981,0,41.535405,240,19,585,403,150,6,239,2,136,"NA:N,SA:A",0A20|1A20|2A20|3E19|4A20|5A20|6A20|7A20|8A20|9A20|10A20|11A20|12A20
271,265202,timeout,1059,300,163.09,7,5,0.4961,0,39.465832,64,79,455,454,150,9,288,10,142,"NA:N,SA:N",0A20|1A20|2A2|3A18|4A1|5A2|6E3|7A1|8E17|9E19|10E20|11N1|12E20
272,266300,timeout,1098,300,370.38,9,4,0.4940,0,41.539600,26,28,450,498,150,20,321,16,140,"NA:N,SA:N",0E1|1E4|2A1|3E15|4A1|5A13|6A2|7A1|8A1|9A5|10A1|11A1|12E8
273,267397,timeout,1097,300,228.67,7,5,0.4919,0,39.396683,43,49,460,487,150,13,318,13,136,"NA:N,SA:N",0A18|1A1|2A1|3E20|4A20|5A1|6E20|7A1|8A1|9E4|10E2|11N1|12E3
274,268686,timeout,1289,300,248.59,2,11,0.4895,0,38.875132,17,203,547,593,149,19,414,26,114,"NA:E,SA:N",0E19|1E20|2E20|3E20|4E20|5E20|6E20|7E20|8E17|9E9|10E18|11A3|12A14
275,269707,timeout,1021,300,191.61,8,4,0.4876,0,40.144903,64,77,452,419,150,8,253,8,129,"NA:N,SA:N",0A18|1A18|2A17|3E17|4A3|5A2|6A4|7A1|8A1|9E20|10E20|11N1|12E20
276,270738,timeout,1031,300,120.31,10,3,0.4856,0,38.196036,72,49,455,427,149,4,263,3,144,"NA:N,SA:N",0A16|1A19|2A6|3E16|4A1|5A3|6A1|7A8|8A1|9A1|10E15|11A16|12E18
277,271792,timeout,1054,300,59.44,7,5,0.4836,0,37.484926,60,83,453,452,149,3,291,4,137,"NA:N,SA:N",0A20|1A15|2A2|3A19|4A2|5A1|6E4|7A1|8E19|9E20|10E20|11N1|12E20
278,272846,timeout,1054,300,154.44,9,4,0.4816,0,36.613817,56,73,453,452,149,7,286,7,139,"NA:N,SA:N",0E20|1A18|2A19|3E20|4A12|5A1|6A2|7A1|8A1|9A1|10E19|11A1|12E14
279,273862,timeout,1016,300,268.36,7,5,0.4797,0,35.026047,104,67,468,400,148,10,232,10,140,"NA:N,SA:N",0A20|1A20|2A20|3A20|4A20|5A3|6E3|7A1|8E7|9E17|10E20|11N1|12E20
280,274830,timeout,968,300,132.08,8,4,0.4778,0,32.318805,112,79,455,364,149,2,204,0,134,"NA:N,SA:N",0A20|1A20|2A20|3E19|4A3|5A8|6A20|7A20|8A1|9E20|10E20|11N1|12E20
281,275822,timeout,992,300,104.72,8,4,0.4759,0,31.555677,87,79,450,392,150,2,233,2,137,"NA:N,SA:N",0A17|1A6|2A20|3E19|4A19|5A3|6A20|7A1|8A1|9E20|10E20|11N1|12E20
282,276813,timeout,991,300,122.01,7,5,0.4741,0,31.301206,80,95,452,389,150,3,228,4,145,"NA:N,SA:N",0E20|1A16|2A12|3E20|4A20|5A9|6A20|7A2|8A1|9E15|10E20|11N1|12E20
283,277832,timeout,1019,300,264.49,8,4,0.4721,0,30.331113,78,79,450,419,150,12,249,13,145,"NA:N,SA:N",0A13|1A20|2A20|3E19|4A10|5A6|6A3|7A5|8A1|9E20|10E20|11N1|12E20
284,278783,loss,951,247,13.01,0,13,0.4703,0,28.918082,0,70,383,449,119,7,305,16,100,"NA:E,SA:E",0E3|1E1|2E2|3E9|4E1|5E1|6E8|7E5|8E8|9E5|10E13|11E11|12E3
285,279778,timeout,995,300,139.35,10,3,0.4684,0,28.043957,96,60,452,393,150,3,231,2,135,"NA:N,SA:N",0A20|1A20|2A1|3E20|4A19|5A4|6A8|7A20|8A2|9A1|10E20|11A1|12E20
286,280793,timeout,1015,300,99.45,7,5,0.4665,0,26.445945,88,89,450,415,150,3,255,4,140,"NA:N,SA:N",0E18|1A20|2A20|3E20|4A4|5A20|6A20|7A1|8A3|9E20|10E16|11N1|12E15
287,281716,loss,923,251,22.73,0,12,0.4647,0,25.944033,0,96,389,413,121,5,271,12,104,"NA:E,SA:N",0E17|1E1|2E1|3E15|4E4|5E7|6E7|7E3|8E7|9E11|10E11|11N1|12E12
288,282656,timeout,940,300,156.50,8,4,0.4630,0,24.215872,120,75,452,338,150,2,179,1,142,"NA:N,SA:N",0A19|1A20|2A20|3E18|4A20|5A18|6A4|7A18|8A1|9E17|10E20|11N1|12E20
289,283731,timeout,1075,300,331.75,12,1,0.4609,0,21.641126,232,20,568,357,150,9,191,5,127,"NA:N,SA:A",0A12|1E20|2A20|3A20|4A20|5A20|6A20|7A20|8A20|9A20|10A20|11A20|12A20
290,284792,timeout,1061,300,88.51,7,5,0.4589,0,18.389816,65,71,455,457,149,4,294,5,138,"NA:N,SA:N",0A20|1A20|2A20|3E17|4A2|5A2|6A1|7A0|8E19|9E12|10E11|11N1|12E12
291,285302,loss,510,133,74.00,0,13,0.4579,0,16.773650,0,90,209,238,63,8,152,16,45,"NA:E,SA:E",0E3|1E7|2E4|3E16|4E4|5E3|6E6|7E4|8E4|9E9|10E11|11E16|12E3
292,286302,timeout,1000,300,105.90,8,4,0.4560,0,14.473848,85,71,450,400,150,2,241,2,144,"NA:N,SA:N",0A17|1A20|2A19|3E19|4A19|5A1|6A1|7A7|8A1|9E12|10E20|11N1|12E20
293,287164,timeout,862,300,128.62,7,5,0.4544,0,12.489663,137,97,407,306,149,1,147,2,145,"NA:N,SA:N",0A18|1A20|2A20|3E18|4A20|5A20|6A19|7A20|8E19|9E20|10E20|11N1|12E20
294,288135,timeout,971,300,136.61,8,4,0.4525,0,10.199711,123,72,452,369,150,2,210,1,144,"NA:N,SA:N",0A17|1A20|2A20|3E15|4A16|5A20|6A18|7A11|8A1|9E17|10E20|11N1|12E20
295,289152,timeout,1017,300,156.77,11,2,0.4506,0,8.878237,115,38,455,413,149,4,250,1,142,"NA:N,SA:N",0A20|1A20|2A12|3E18|4A20|5A20|6A1|7A17|8A2|9A1|10E20|11A1|12A1
296,290112,timeout,960,300,161.80,10,3,0.4488,0,7.591693,129,53,452,358,150,3,196,2,143,"NA:N,SA:N",0A20|1A20|2A20|3E17|4A2|5A20|6A20|7A20|8A1|9A3|10E16|11A3|12E20
297,291208,timeout,1096,300,370.66,6,7,0.4467,0,6.827008,118,88,506,442,148,17,266,18,125,"NA:N,SA:A",0E15|1E2|2E3|3E9|4E19|5E20|6E20|7A18|8A20|9A20|10A20|11A20|12A20
298,292184,timeout,976,300,142.36,5,7,0.4449,0,6.080850,89,106,453,374,149,4,212,7,143,"NA:N,SA:N",0E1|1A18|2A11|3E15|4A20|5A20|6E20|7A20|8E10|9E20|10E20|11N1|12E20
299,293164,timeout,980,300,183.60,6,6,0.4430,0,5.472028,111,90,448,384,148,6,220,6,139,"NA:N,SA:N",0A12|1A19|2A20|3E5|4A20|5A20|6E14|7A20|8E13|9E19|10E20|11N1|12E19
300,294057,timeout,893,300,80.03,5,7,0.4413,0,4.771591,98,140,412,331,150,0,174,3,145,"NA:N,SA:N",0E20|1A18|2A20|3E20|4A20|5A20|6E20|7A20|8E20|9E20|10E20|11N1|12E20
301,295049,timeout,992,300,96.42,7,5,0.4394,0,4.400594,74,99,450,392,150,1,234,1,146,"NA:N,SA:N",0A18|1A11|2A1|3E20|4A20|5A17|6E20|7A6|8A1|9E19|10E20|11N1|12E20
302,295982,timeout,933,300,95.33,5,7,0.4376,0,4.148563,80,133,437,347,149,1,186,5,143,"NA:N,SA:N",0E20|1A14|2A20|3E20|4A20|5A20|6E20|7A6|8E13|9E20|10E20|11N1|12E20
303,296878,timeout,896,300,154.56,7,5,0.4359,0,3.870182,140,99,437,310,149,1,150,2,142,"NA:N,SA:N",0A20|1A20|2A20|3E19|4A20|5A20|6A20|7A20|8E20|9E20|10E20|11N1|12E20
304,297694,timeout,816,300,141.16,5,7,0.4344,0,3.793779,100,139,374,294,148,2,132,5,143,"NA:N,SA:N",0E19|1A20|2A20|3E20|4A20|5A20|6E20|7A20|8E20|9E20|10E20|11N1|12E20
305,298749,timeout,1055,300,49.35,7,5,0.4324,0,3.788888,42,66,450,455,150,2,297,2,140,"NA:N,SA:N",0A17|1A1|2A17|3E20|4A4|5A1|6E17|7A1|8A1|9E17|10E6|11N1|12E6
306,299742,timeout,993,300,137.23,8,4,0.4305,0,3.674498,86,80,453,392,148,3,231,2,146,"NA:N,SA:N",0A20|1A2|2A20|3A16|4A20|5A2|6E20|7A4|8A2|9E20|10E20|11N1|12E20
307,300768,timeout,1026,300,104.86,7,5,0.4285,0,3.713425,48,98,453,424,149,3,263,4,143,"NA:N,SA:N",0A14|1E18|2A20|3A9|4A1|5A2|6E20|7A1|8A1|9E20|10E20|11N1|12E20
308,301174,loss,406,111,22.66,0,12,0.4278,0,3.886329,0,58,171,188,47,4,114,10,45,"NA:E,SA:N",0E1|1E2|2E1|3E11|4E1|5E3|6E14|7E5|8E3|9E11|10E3|11N1|12E3
309,302167,timeout,993,300,164.43,8,4,0.4259,0,4.034888,106,80,452,391,150,4,229,4,136,"NA:N,SA:N",0A20|1E20|2A19|3A20|4A2|5A3|6A2|7A20|8A20|9E20|10E20|11N1|12E20
310,303125,timeout,958,300,473.88,9,3,0.4241,0,4.245603,179,59,471,338,149,18,163,16,145,"NA:A,SA:N",0A20|1A20|2A20|3A20|4A20|5A20|6A20|7A20|8A19|9E19|10E20|11N1|12E20
311,304187,timeout,1062,300,320.42,7,5,0.4220,0,4.226540,75,58,452,460,150,16,287,16,144,"NA:N,SA:N",0A20|1A20|2A2|3A20|4A9|5A2|6E4|7A2|8E13|9E13|10E14|11N1|12E14
312,305295,timeout,1108,300,280.68,8,5,0.4199,0,4.141278,29,79,463,497,148,15,323,15,143,"NA:N,SA:N",0A18|1A1|2A1|3E18|4A5|5A1|6E17|7A1|8A1|9E20|10E12|11A1|12E12
313,305882,loss,587,148,73.57,0,13,0.4188,0,4.325754,0,54,233,284,70,9,187,19,59,"NA:E,SA:E",0E3|1E2|2E2|3E5|4E3|5E3|6E3|7E3|8E2|9E2|10E10|11E13|12E3
314,306917,loss,1035,266,229.75,0,13,0.4169,0,3.993886,0,60,413,494,128,18,329,27,111,"NA:E,SA:E",0E7|1E1|2E1|3E2|4E1|5E2|6E7|7E2|8E4|9E5|10E17|11E3|12E8
315,308048,timeout,1131,300,398.01,12,1,0.4147,0,3.867053,240,18,584,397,150,13,225,9,142,"NA:N,SA:A",0E18|1A20|2A20|3A20|4A20|5A20|6A20|7A20|8A20|9A20|10A20|11A20|12A20
316,308408,loss,360,86,46.70,0,13,0.4140,0,3.525948,0,75,143,179,38,7,115,16,37,"NA:E,SA:E",0E3|1E3|2E3|3E4|4E12|5E4|6E3|7E3|8E4|9E6|10E10|11E17|12E3
317,309519,timeout,1111,300,333.71,7,5,0.4119,0,3.655348,29,41,452,509,150,19,332,18,135,"NA:N,SA:N",0A20|1A1|2A1|3E18|4A1|5A2|6E8|7A3|8A1|9E9|10E3|11N1|12E3
318,309831,loss,312,78,27.62,0,12,0.4113,0,3.452009,0,38,128,149,35,5,94,12,32,"NA:E,SA:N",0E1|1E1|2E1|3E3|4E1|5E2|6E8|7E5|8E3|9E8|10E2|11N1|12E3
319,310925,timeout,1094,300,616.74,7,5,0.4092,0,3.374699,36,84,452,492,150,33,302,33,144,"NA:N,SA:N",0A20|1A11|2A1|3A1|4A1|5A1|6E19|7A1|8E18|9E15|10E16|11N1|12E16
320,312016,timeout,1091,300,452.51,7,5,0.4072,0,3.311923,60,68,455,486,150,25,304,25,146,"NA:N,SA:N",0A20|1A5|2A20|3A12|4A1|5A1|6E19|7A1|8E6|9E14|10E14|11N1|12E15
321,313036,timeout,1020,300,165.40,10,3,0.4052,0,3.173316,108,22,450,420,150,6,256,5,138,"NA:N,SA:N",0A16|1E16|2A2|3A20|4A15|5A1|6A20|7A20|8A12|9A1|10E3|11A1|12E3
322,314161,timeout,1125,300,467.35,7,5,0.4031,0,3.049008,8,32,453,523,149,26,340,26,139,"NA:N,SA:N",0E7|1A2|2A1|3A1|4A1|5A1|6E12|7A1|8A1|9E4|10E5|11N1|12E4
323,315262,timeout,1101,300,440.81,8,4,0.4010,0,3.067203,153,31,500,451,150,22,271,23,144,"NA:N,SA:N",0A20|1A20|2A20|3A20|4A20|5A17|6A19|7A17|8E3|9E13|10E7|11N1|12E8
324,316007,win,745,174,472.45,13,0,0.3996,0,2.867656,152,0,375,284,86,15,173,10,82,"NA:A,SA:A",0A12|1A13|2A20|3A3|4A1|5A11|6A4|7A20|8A12|9A2|10A14|11A20|12A20
325,317053,timeout,1046,300,412.06,4,9,0.3976,0,2.624807,80,179,449,447,150,22,266,27,136,"NA:E,SA:A",0E20|1E20|2E20|3E20|4E20|5E20|6E20|7E20|8E19|9A20|10A20|11A20|12A20
326,318091,loss,1038,270,405.48,0,12,0.3956,0,2.523282,0,50,413,493,132,27,320,35,128,"NA:E,SA:N",0E5|1E1|2E1|3E1|4E2|5E4|6E13|7E3|8E3|9E6|10E5|11N1|12E6
327,319019,loss,928,238,430.98,0,12,0.3939,0,2.326678,0,53,374,441,113,28,280,36,106,"NA:E,SA:N",0E1|1E1|2E1|3E3|4E2|5E5|6E15|7E6|8E3|9E8|10E4|11N1|12E4
328,319710,loss,691,172,479.11,0,13,0.3926,0,2.339899,0,99,263,344,84,31,216,40,68,"NA:E,SA:E",0E6|1E5|2E6|3E6|4E6|5E6|6E5|7E6|8E6|9E15|10E13|11E16|12E3
329,320800,timeout,1090,300,407.80,8,4,0.3905,0,2.358415,55,46,458,483,149,21,304,21,139,"NA:N,SA:N",0A8|1A4|2A7|3A7|4A2|5A4|6A20|7A3|8E3|9E12|10E15|11N1|12E16
330,321424,loss,624,166,69.54,0,13,0.3893,0,2.287878,0,76,253,291,80,8,188,17,70,"NA:E,SA:E",0E1|1E1|2E1|3E17|4E7|5E3|6E2|7E3|8E1|9E8|10E18|11E3|12E11
331,322147,loss,723,193,240.93,0,13,0.3879,0,2.199909,0,78,293,335,95,17,211,25,81,"NA:E,SA:E",0E1|1E1|2E1|3E1|4E2|5E2|6E7|7E5|8E5|9E15|10E18|11E3|12E17
332,323329,timeout,1182,300,519.32,11,2,0.3857,0,2.269528,103,12,516,516,150,27,331,23,149,"NA:N,SA:A",0A9|1E1|2A1|3A1|4E11|5A1|6A16|7A1|8A3|9A13|10A18|11A20|12A20
333,323676,loss,347,87,-17.13,0,12,0.3850,0,2.250789,0,38,143,165,39,3,106,11,32,"NA:E,SA:N",0E1|1E1|2E1|3E1|4E8|5E3|6E3|7E3|8E6|9E3|10E4|11N1|12E4
334,324665,win,989,260,863.79,13,0,0.3831,0,2.311176,51,0,400,461,128,40,280,35,117,"NA:A,SA:A",0A17|1A14|2A1|3A1|4A1|5A1|6A2|7A5|8A1|9A1|10A3|11A3|12A1
335,325802,timeout,1137,300,349.97,7,6,0.3810,0,2.442649,138,97,524,463,150,18,287,19,146,"NA:N,SA:A",0E12|1E13|2E19|3E13|4E20|5A19|6E20|7A19|8A20|9A20|10A20|11A20|12A20
336,326472,loss,670,168,184.40,0,13,0.3797,0,2.377998,0,134,278,317,75,14,202,22,66,"NA:E,SA:E",0E9|1E8|2E8|3E8|4E8|5E8|6E15|7E7|8E7|9E15|10E20|11E3|12E18
337,327190,loss,718,179,372.58,0,13,0.3783,0,2.403426,0,63,273,359,86,26,230,36,72,"NA:E,SA:E",0E3|1E2|2E3|3E2|4E3|5E3|6E3|7E2|8E3|9E7|10E11|11E18|12E3
338,328325,timeout,1135,300,707.65,8,4,0.3762,0,2.431833,24,25,450,535,150,39,340,37,143,"NA:N,SA:N",0A14|1A1|2A1|3A1|4A1|5A4|6E12|7A1|8A1|9E8|10E2|11N1|12E3
339,329000,loss,675,163,238.15,0,13,0.3749,0,2.343878,0,161,269,333,73,18,217,26,61,"NA:E,SA:E",0E12|1E12|2E12|3E12|4E12|5E12|6E12|7E12|8E12|9E14|10E16|11E20|12E3
340,329695,win,695,151,751.15,13,0,0.3736,0,2.267031,176,0,352,268,75,30,153,25,73,"NA:A,SA:A",0A2|1A18|2A19|3A14|4A16|5A20|6A3|7A1|8A3|9A20|10A20|11A20|12A20
341,330151,loss,456,102,233.06,0,13,0.3727,0,2.142521,0,170,188,229,39,17,140,26,29,"NA:E,SA:E",0E12|1E12|2E12|3E13|4E12|5E12|6E12|7E13|8E12|9E17|10E20|11E3|12E20
342,331119,timeout,968,300,418.08,3,10,0.3709,0,2.200428,28,195,393,425,150,22,245,27,138,"NA:E,SA:N",0E20|1E20|2E20|3E20|4E20|5E20|6E20|7E20|8E17|9E18|10A5|11A20|12A3
343,332055,timeout,936,300,376.66,8,5,0.3691,0,2.103306,160,100,435,351,150,15,178,15,145,"NA:N,SA:A",0E20|1E20|2E20|3E20|4E20|5A20|6A20|7A20|8A20|9A20|10A20|11A20|12A20
344,333072,timeout,1017,300,518.67,6,7,0.3672,0,1.993095,109,119,450,417,150,24,235,27,139,"NA:N,SA:N",0E14|1E13|2E19|3E13|4E20|5A17|6E20|7A12|8A20|9A20|10E20|11A20|12A20
345,334013,timeout,941,300,427.01,6,7,0.3654,0,1.974522,118,140,422,369,150,19,191,22,117,"NA:N,SA:N",0E20|1E20|2E20|3E20|4E20|5A20|6E20|7A18|8A20|9A20|10A20|11A20|12E20
346,334931,timeout,918,300,507.08,6,7,0.3636,0,1.889385,118,138,418,353,147,23,170,25,133,"NA:N,SA:A",0E20|1E20|2E20|3E20|4E18|5E20|6E20|7A18|8A20|9A20|10A20|11A20|12A20
347,335777,timeout,846,300,363.86,5,8,0.3620,0,1.877209,99,158,372,325,149,16,149,21,90,"NA:N,SA:N",0E20|1E20|2E20|3E20|4E18|5E20|6E20|7A19|8A20|9A20|10E20|11A20|12A20
348,336670,timeout,893,300,562.33,5,8,0.3603,0,1.879747,99,158,378,365,150,28,180,31,111,"NA:N,SA:A",0E20|1E20|2E20|3E20|4E20|5E20|6E18|7E20|8A19|9A20|10A20|11A20|12A20
349,337450,timeout,780,300,339.90,5,8,0.3588,0,1.833291,100,158,338,294,148,14,120,17,74,"NA:N,SA:N",0E20|1E20|2E18|3E20|4E20|5A20|6E20|7A20|8A20|9A20|10E20|11A20|12E20
350,338393,timeout,943,300,230.43,1,12,0.3571,0,1.827317,20,238,437,460,46,11,186,19,40,"NA:E,SA:N",0E20|1E20|2E20|3E20|4E20|5E20|6E20|7E20|8E20|9E20|10E18|11E20|12A20
351,339185,timeout,792,300,282.52,4,9,0.3555,0,1.729907,79,179,337,306,149,12,136,16,79,"NA:N,SA:N",0E20|1E20|2E20|3E20|4E20|5E20|6E19|7E20|8A19|9A20|10E20|11A20|12A20
352,340104,timeout,919,300,278.89,7,6,0.3538,0,1.750579,140,118,428,341,150,10,173,11,126,"NA:N,SA:N",0E20|1E18|2A20|3E20|4A20|5A20|6E20|7A20|8A20|9A20|10E20|11A20|12E20
353,340871,timeout,767,300,212.07,7,6,0.3523,0,1.572755,136,115,355,262,150,5,99,6,117,"NA:N,SA:N",0E20|1E18|2A18|3E18|4A19|5A19|6E20|7A20|8A20|9A20|10E19|11A20|12E20
354,341543,timeout,672,300,115.42,3,9,0.3511,0,1.538323,56,180,289,235,148,2,75,6,54,"NA:N,SA:N",0E20|1E20|2E20|3E20|4E20|5A18|6E20|7A20|8A18|9E20|10E20|11N1|12E20
355,342179,timeout,636,300,64.56,2,10,0.3499,0,1.385310,40,198,249,242,145,1,80,5,40,"NA:N,SA:N",0E20|1E20|2E18|3E20|4E20|5A20|6E20|7A20|8E20|9E20|10E20|11N1|12E20
356,343006,timeout,827,300,271.97,6,7,0.3483,0,1.237692,120,139,382,297,148,10,127,11,74,"NA:N,SA:A",0E20|1E20|2E20|3E20|4E19|5E20|6E20|7A20|8A20|9A20|10A20|11A20|12A20
357,343754,timeout,748,300,211.68,7,6,0.3469,0,1.155179,137,118,349,249,150,5,87,6,75,"NA:N,SA:N",0E20|1E18|2A20|3E20|4A18|5A20|6E20|7A20|8A19|9A20|10E20|11A20|12E20
358,344506,timeout,752,300,226.92,7,6,0.3454,0,1.095998,140,118,353,249,150,5,86,6,68,"NA:N,SA:N",0E20|1E20|2A20|3E20|4E20|5A20|6E20|7A20|8A20|9A20|10E18|11A20|12A20
359,345242,timeout,736,300,223.36,8,5,0.3440,0,1.043725,160,99,352,235,149,4,73,3,52,"NA:N,SA:N",0E19|1A20|2A20|3E20|4E20|5A20|6E20|7A20|8A20|9A20|10E20|11A20|12A20
360,345946,timeout,704,300,130.94,6,6,0.3427,0,0.985625,120,119,335,222,147,0,61,2,67,"NA:N,SA:N",0A20|1A20|2A20|3E19|4A20|5A20|6E20|7A20|8E20|9E20|10E20|11N1|12E20
361,346629,timeout,683,300,142.33,8,4,0.3414,0,0.966536,159,79,337,196,150,0,38,1,77,"NA:N,SA:N",0A20|1A20|2A20|3A20|4A20|5A20|6A19|7A20|8E19|9E20|10E20|11N1|12E20
362,347328,timeout,699,300,137.49,6,6,0.3401,0,0.966164,119,118,334,215,150,0,59,1,74,"NA:N,SA:N",0A19|1A20|2A20|3E18|4A20|5A20|6E20|7A20|8E20|9E20|10E20|11N1|12E20
363,347963,timeout,635,300,80.65,2,10,0.3389,0,0.932383,39,199,262,226,147,1,66,5,36,"NA:N,SA:N",0E20|1E20|2E19|3E20|4E20|5A19|6E20|7A20|8E20|9E20|10E20|11N1|12E20
364,348661,timeout,698,300,134.58,6,6,0.3375,0,0.878645,120,118,329,221,148,0,61,2,110,"NA:N,SA:N",0A20|1A20|2A20|3E20|4A20|5A20|6E20|7A20|8E18|9E20|10E20|11N1|12E20
365,349364,timeout,703,300,152.83,5,7,0.3362,0,0.882839,100,139,326,229,148,0,70,2,119,"NA:N,SA:N",0A20|1E19|2A20|3A20|4E20|5A20|6E20|7A20|8E20|9E20|10E20|11N1|12E20
366,350021,timeout,657,300,127.17,6,6,0.3350,0,0.842755,119,117,298,209,150,0,51,1,90,"NA:N,SA:N",0A20|1A19|2A20|3E18|4A20|5A20|6E20|7A20|8E19|9E20|10E20|11N1|12E20
367,350709,timeout,688,300,152.88,6,6,0.3337,0,0.844114,119,119,325,213,150,0,56,1,102,"NA:N,SA:N",0A20|1A20|2A20|3E19|4A19|5A20|6E20|7A20|8E20|9E20|10E20|11N1|12E20
368,351346,timeout,637,300,153.47,6,6,0.3324,0,0.797809,119,118,292,196,149,0,40,0,119,"NA:N,SA:N",0A19|1A20|2A20|3E18|4A20|5A20|6E20|7A20|8E20|9E20|10E20|11N1|12E20
369,351986,timeout,640,300,138.10,6,6,0.3312,0,0.786262,120,118,289,204,147,0,44,1,93,"NA:N,SA:N",0A20|1A20|2A20|3E18|4A20|5A20|6E20|7A20|8E20|9E20|10E20|11N1|12E20
370,352686,timeout,700,300,152.50,6,6,0.3299,0,0.733393,118,120,335,215,150,0,58,2,125,"NA:N,SA:N",0A18|1A20|2A20|3E20|4A20|5A20|6E20|7A20|8E20|9E20|10E20|11N1|12E20
371,353376,timeout,690,300,150.20,6,6,0.3286,0,0.711403,120,118,334,207,149,0,48,2,87,"NA:N,SA:N",0A20|1A20|2A20|3E18|4A20|5A20|6E20|7A20|8E20|9E20|10E20|11N1|12E20
372,354045,timeout,669,300,152.89,5,7,0.3273,0,0.699305,99,139,302,221,146,2,60,3,100,"NA:N,SA:N",0E19|1A19|2A20|3E20|4A20|5A20|6E20|7A20|8E20|9E20|10E20|11N1|12E20
373,354791,timeout,746,300,230.36,7,5,0.3259,0,0.664951,140,99,370,226,150,3,64,5,127,"NA:N,SA:N",0A20|1A20|2A20|3E19|4A20|5A20|6E20|7A20|8A20|9E20|10E20|11N1|12E20
374,355467,timeout,676,300,187.06,6,6,0.3246,0,0.623146,119,118,316,213,147,2,53,2,96,"NA:N,SA:N",0A20|1A20|2A20|3E18|4A19|5A20|6E20|7A20|8E20|9E20|10E20|11N1|12E20
375,356131,timeout,664,300,139.04,6,6,0.3234,0,0.665591,119,119,308,206,150,0,49,1,94,"NA:N,SA:N",0A19|1A20|2A20|3E19|4A20|5A20|6E20|7A20|8E20|9E20|10E20|11N1|12E20
376,356842,timeout,711,300,202.51,7,5,0.3220,0,0.628735,140,100,353,209,149,1,50,1,120,"NA:N,SA:N",0A20|1A20|2A20|3E20|4A20|5A20|6E20|7A20|8A20|9E20|10E20|11N1|12E20
377,357501,timeout,659,300,143.39,6,6,0.3207,0,0.613958,118,120,301,210,148,0,52,1,112,"NA:N,SA:N",0A18|1A20|2A20|3E20|4A20|5A20|6E20|7A20|8E20|9E20|10E20|11N1|12E20
378,358182,timeout,681,300,131.41,5,7,0.3195,0,0.610277,98,139,316,216,149,0,56,4,105,"NA:N,SA:N",0E19|1A20|2A20|3E20|4A18|5A20|6E20|7A20|8E20|9E20|10E20|11N1|12E20
379,358859,timeout,677,300,159.97,6,6,0.3182,0,0.587477,120,118,320,209,148,0,50,1,128,"NA:N,SA:N",0A20|1A20|2A20|3E18|4A20|5A20|6E20|7A20|8E20|9E20|10E20|11N1|12E20
380,359525,timeout,666,300,145.86,6,6,0.3169,0,0.604606,119,119,308,208,150,0,49,4,123,"NA:N,SA:N",0A19|1A20|2A20|3E19|4A20|5A20|6E20|7A20|8E20|9E20|10E20|11N1|12E20
381,360206,timeout,681,300,149.21,6,6,0.3156,0,0.540153,117,120,319,212,150,0,56,1,126,"NA:N,SA:N",0A17|1A20|2A20|3E20|4A20|5A20|6E20|7A20|8E20|9E20|10E20|11N1|12E20
382,360900,timeout,694,300,161.94,6,6,0.3143,0,0.533604,120,118,325,223,146,0,63,0,129,"NA:N,SA:N",0A20|1A20|2A20|3E18|4A20|5A20|6E20|7A20|8E20|9E20|10E20|11N1|12E20
383,361542,timeout,642,300,157.82,6,6,0.3131,0,0.545890,119,118,301,191,150,0,35,1,129,"NA:N,SA:N",0A19|1A20|2A20|3E19|4A20|5A20|6E20|7A20|8E19|9E20|10E20|11N1|12E20
384,362183,timeout,641,300,165.71,5,7,0.3119,0,0.499904,100,138,280,213,148,2,53,3,113,"NA:N,SA:N",0E18|1A20|2A20|3E20|4A20|5A20|6E20|7A20|8E20|9E20|10E20|11N1|12E20
385,362875,timeout,692,300,154.02,6,6,0.3105,0,0.497532,120,118,326,216,150,0,57,3,138,"NA:N,SA:N",0A20|1A20|2A20|3E18|4A20|5A20|6E20|7A20|8E20|9E20|10E20|11N1|12E20
386,363559,timeout,684,300,156.74,6,6,0.3092,0,0.526853,119,119,323,211,150,0,53,3,144,"NA:N,SA:N",0A19|1A20|2A20|3E19|4A20|5A20|6E20|7A20|8E20|9E20|10E20|11N1|12E20
387,364202,timeout,643,300,150.43,6,6,0.3080,0,0.488439,119,118,293,200,150,0,42,3,127,"NA:N,SA:N",0A20|1A20|2A20|3E18|4A20|5A20|6E20|7A19|8E20|9E20|10E20|11N1|12E20
388,364863,timeout,661,300,155.11,5,7,0.3068,0,0.510620,98,140,301,210,150,1,51,4,134,"NA:N,SA:N",0E20|1A18|2A20|3E20|4A20|5A20|6E20|7A20|8E20|9E20|10E20|11N1|12E20
389,365543,timeout,680,300,172.90,6,6,0.3055,0,0.473795,120,120,333,199,148,0,40,1,130,"NA:N,SA:N",0A20|1A20|2A20|3E20|4A20|5A20|6E20|7A20|8E20|9E20|10E20|11N1|12E20
390,366199,timeout,656,300,138.86,6,6,0.3042,0,0.481924,119,118,298,208,150,0,50,3,137,"NA:N,SA:N",0A20|1A20|2A20|3E18|4A19|5A20|6E20|7A20|8E20|9E20|10E20|11N1|12E20
391,366840,timeout,641,300,155.81,5,7,0.3030,0,0.492784,98,140,287,204,150,0,48,2,135,"NA:N,SA:N",0A18|1E20|2A20|3A20|4E20|5A20|6E20|7A20|8E20|9E20|10E20|11N1|12E20
392,367512,timeout,672,300,156.02,6,6,0.3017,0,0.449010,120,118,314,208,150,0,49,3,136,"NA:N,SA:N",0A20|1A20|2A20|3E18|4A20|5A20|6E20|7A20|8E20|9E20|10E20|11N1|12E20
393,368162,timeout,650,300,135.60,5,7,0.3005,0,0.446571,100,139,287,213,150,0,55,3,141,"NA:N,SA:N",0E19|1A20|2A20|3E20|4A20|5A20|6E20|7A20|8E20|9E20|10E20|11N1|12E20
394,368854,timeout,692,300,162.22,6,6,0.2992,0,0.472888,120,118,331,211,150,0,52,3,141,"NA:N,SA:N",0A20|1A20|2A20|3E18|4A20|5A20|6E20|7A20|8E20|9E20|10E20|11N1|12E20
395,369501,timeout,647,300,157.47,6,6,0.2979,0,0.437851,119,119,300,197,150,0,39,3,141,"NA:N,SA:N",0A19|1A20|2A20|3E19|4A20|5A20|6E20|7A20|8E20|9E20|10E20|11N1|12E20
396,370171,timeout,670,300,157.90,7,5,0.2967,0,0.427595,139,99,316,204,150,1,45,3,141,"NA:N,SA:N",0A20|1A20|2A20|3A19|4A20|5A20|6E19|7A20|8E20|9E20|10E20|11N1|12E20
397,370849,timeout,678,300,185.18,6,6,0.2954,0,0.462420,117,120,319,209,150,1,50,4,142,"NA:N,SA:N",0A18|1A19|2A20|3E20|4A20|5A20|6E20|7A20|8E20|9E20|10E20|11N1|12E20
398,371496,timeout,647,300,174.17,6,6,0.2942,0,0.447209,117,119,308,189,150,0,31,3,144,"NA:N,SA:N",0A19|1A19|2A20|3E19|4A20|5A19|6E20|7A20|8E20|9E20|10E20|11N1|12E20
399,372112,timeout,616,300,143.76,5,7,0.2930,0,0.429101,100,138,266,200,150,0,42,3,141,"NA:N,SA:N",0E18|1A20|2A20|3E20|4A20|5A20|6E20|7A20|8E20|9E20|10E20|11N1|12E20
400,372780,timeout,668,300,166.48,5,7,0.2917,0,0.425710,98,140,309,209,150,1,50,5,142,"NA:N,SA:N",0E20|1A18|2A20|3E20|4A20|5A20|6E20|7A20|8E20|9E20|10E20|11N1|12E20
401,373446,timeout,666,300,196.06,6,6,0.2905,0,0.437227,118,120,319,197,150,1,38,4,146,"NA:N,SA:N",0A18|1A20|2A20|3E20|4A20|5A20|6E20|7A20|8E20|9E20|10E20|11N1|12E20
402,374081,timeout,635,300,146.55,5,7,0.2892,0,0.461761,98,140,286,199,150,0,41,4,144,"NA:N,SA:N",0E20|1A18|2A20|3E20|4A20|5A20|6E20|7A20|8E20|9E20|10E20|11N1|12E20
403,374717,timeout,636,300,162.06,6,6,0.2880,0,0.454142,120,118,288,198,150,0,39,3,148,"NA:N,SA:N",0A20|1A20|2A20|3E18|4A20|5A20|6E20|7A20|8E20|9E20|10E20|11N1|12E20
404,375362,timeout,645,300,191.95,6,6,0.2868,0,0.425954,118,118,303,192,150,1,33,4,146,"NA:N,SA:N",0A20|1A20|2A20|3E18|4A18|5A20|6E20|7A20|8E20|9E20|10E20|11N1|12E20
405,376022,timeout,660,300,178.70,6,6,0.2856,0,0.464909,119,119,310,202,148,0,44,1,144,"NA:N,SA:N",0A19|1A20|2A20|3E19|4A20|5A20|6E20|7A20|8E20|9E20|10E20|11N1|12E20
406,376689,timeout,667,300,168.67,6,6,0.2843,0,0.435967,119,119,317,200,150,0,42,3,147,"NA:N,SA:N",0A19|1A20|2A20|3E19|4A20|5A20|6E20|7A20|8E20|9E20|10E20|11N1|12E20
407,377343,timeout,654,300,158.74,6,6,0.2830,0,0.446280,118,120,303,201,150,0,43,3,144,"NA:N,SA:N",0A18|1A20|2A20|3E20|4A20|5A20|6E20|7A20|8E20|9E20|10E20|11N1|12E20
408,378013,timeout,670,300,182.80,6,6,0.2818,0,0.414775,120,120,321,201,148,0,41,2,143,"NA:N,SA:N",0A20|1A20|2A20|3E20|4A20|5A20|6E20|7A20|8E20|9E20|10E20|11N1|12E20
409,378648,timeout,635,300,147.25,4,8,0.2806,0,0.403574,78,160,288,197,150,0,39,5,149,"NA:N,SA:N",0E20|1E20|2A20|3E20|4A18|5A20|6E20|7A20|8E20|9E20|10E20|11N1|12E20
410,379324,timeout,676,300,180.86,7,5,0.2793,0,0.409991,138,98,317,209,150,1,50,3,149,"NA:N,SA:N",0A19|1A20|2A20|3E18|4A20|5A20|6A19|7A20|8E20|9E20|10E20|11N1|12E20
411,379991,timeout,667,300,154.37,6,6,0.2780,0,0.425629,119,119,310,207,150,0,49,2,143,"NA:N,SA:N",0A19|1A20|2A20|3E19|4A20|5A20|6E20|7A20|8E20|9E20|10E20|11N1|12E20
412,380616,timeout,625,300,142.65,4,8,0.2768,0,0.440052,78,157,275,200,150,0,42,5,144,"NA:N,SA:N",0E20|1E19|2A20|3E18|4A18|5A20|6E20|7A20|8E20|9E20|10E20|11N1|12E20
413,381262,timeout,646,300,166.46,6,6,0.2756,0,0.411044,118,120,299,197,150,0,39,3,148,"NA:N,SA:N",0A18|1A20|2A20|3E20|4A20|5A20|6E20|7A20|8E20|9E20|10E20|11N1|12E20
414,381983,timeout,721,300,196.61,7,5,0.2742,0,0.426035,138,100,350,221,150,1,62,3,146,"NA:N,SA:N",0A18|1A20|2A20|3E20|4A20|5A20|6E20|7A20|8A20|9E20|10E20|11N1|12E20
415,382662,timeout,679,300,159.49,6,6,0.2729,0,0.414700,118,120,320,209,150,0,50,4,147,"NA:N,SA:N",0A18|1A20|2A20|3E20|4A20|5A20|6E20|7A20|8E20|9E20|10E20|11N1|12E20
416,383332,timeout,670,300,177.80,6,6,0.2717,0,0.425039,119,119,322,198,150,0,40,3,145,"NA:N,SA:N",0A19|1A20|2A20|3E19|4A20|5A20|6E20|7A20|8E20|9E20|10E20|11N1|12E20
417,384009,timeout,677,300,154.67,5,7,0.2704,0,0.437382,98,140,312,215,150,0,58,3,149,"NA:N,SA:N",0E20|1A18|2A20|3E20|4A20|5A20|6E20|7A20|8E20|9E20|10E20|11N1|12E20
418,384659,timeout,650,300,172.10,5,7,0.2691,0,0.448411,100,138,292,208,150,1,48,5,145,"NA:N,SA:N",0E20|1E18|2A20|3E20|4A20|5A20|6E20|7A20|8A20|9E20|10E20|11N1|12E20
419,385354,timeout,695,300,168.25,7,6,0.2678,0,0.436537,140,120,330,215,150,0,54,4,143,"NA:N,SA:N",0A20|1A20|2A20|3E20|4A20|5A20|6E20|7A20|8E20|9E20|10E20|11A20|12E20
420,386082,timeout,728,300,159.58,10,3,0.2664,0,0.420538,200,58,376,202,150,0,41,1,149,"NA:A,SA:N",0A20|1A20|2A20|3A20|4A20|5A20|6A20|7A20|8A20|9E18|10E20|11A20|12E20
421,386733,timeout,651,300,160.91,6,6,0.2652,0,0.417759,120,118,297,204,150,0,45,3,147,"NA:N,SA:N",0A20|1A20|2A20|3E18|4A20|5A20|6E20|7A20|8E20|9E20|10E20|11N1|12E20
422,387404,timeout,671,300,169.61,6,6,0.2639,0,0.405952,117,120,316,205,150,0,47,3,148,"NA:N,SA:N",0A18|1A20|2A20|3E20|4A20|5A20|6E20|7A19|8E20|9E20|10E20|11N1|12E20
423,388076,timeout,672,300,166.32,6,6,0.2627,0,0.404495,120,118,314,208,150,0,50,2,149,"NA:N,SA:N",0A20|1A20|2A20|3E18|4A20|5A20|6E20|7A20|8E20|9E20|10E20|11N1|12E20
424,388681,timeout,605,300,136.75,5,7,0.2615,0,0.429639,100,138,258,197,150,0,38,4,144,"NA:N,SA:N",0E18|1A20|2A20|3E20|4A20|5A20|6E20|7A20|8E20|9E20|10E20|11N1|12E20
425,389331,timeout,650,300,144.50,5,7,0.2603,0,0.425170,99,138,291,209,150,0,51,4,146,"NA:N,SA:N",0E18|1A19|2A20|3E20|4A20|5A20|6E20|7A20|8E20|9E20|10E20|11N1|12E20
426,389998,timeout,667,300,167.97,6,6,0.2590,0,0.411528,120,118,314,203,150,0,44,3,148,"NA:N,SA:N",0A20|1A20|2A20|3E18|4A20|5A20|6E20|7A20|8E20|9E20|10E20|11N1|12E20
427,390662,timeout,664,300,174.34,6,6,0.2577,0,0.429556,119,119,319,195,150,0,37,3,145,"NA:N,SA:N",0A19|1A20|2A20|3E19|4A20|5A20|6E20|7A20|8E20|9E20|10E20|11N1|12E20
428,391298,timeout,636,300,155.16,6,6,0.2565,0,0.415020,118,118,289,197,150,0,40,2,142,"NA:N,SA:N",0A18|1A20|2A20|3E18|4A20|5A20|6E20|7A20|8E20|9E20|10E20|11N1|12E20
429,391930,timeout,632,300,153.52,5,7,0.2553,0,0.416312,100,138,283,199,150,0,42,2,147,"NA:N,SA:N",0E18|1A20|2A20|3E20|4A20|5A20|6E20|7A20|8E20|9E20|10E20|11N1|12E20
430,392598,timeout,668,300,163.08,6,6,0.2541,0,0.414139,118,120,315,203,150,0,45,3,144,"NA:N,SA:N",0A18|1A20|2A20|3E20|4A20|5A20|6E20|7A20|8E20|9E20|10E20|11N1|12E20
431,393249,timeout,651,300,159.51,6,6,0.2528,0,0.430125,118,120,301,200,150,0,42,3,148,"NA:N,SA:N",0A18|1A20|2A20|3E20|4A20|5A20|6E20|7A20|8E20|9E20|10E20|11N1|12E20
432,393891,timeout,642,300,162.12,6,6,0.2516,0,0.435176,118,119,292,200,150,0,42,3,148,"NA:N,SA:N",0A19|1A20|2A20|3E19|4A19|5A20|6E20|7A20|8E20|9E20|10E20|11N1|12E20
433,394565,timeout,674,300,171.04,6,6,0.2503,0,0.407594,118,120,324,200,150,0,42,3,147,"NA:N,SA:N",0A18|1A20|2A20|3E20|4A20|5A20|6E20|7A20|8E20|9E20|10E20|11N1|12E20
434,395196,timeout,631,300,195.21,8,4,0.2491,0,0.412902,160,78,308,173,150,0,14,1,148,"NA:N,SA:N",0A20|1A20|2A20|3A20|4A20|5A20|6A20|7A20|8E18|9E20|10E20|11N1|12E20
435,395855,timeout,659,300,168.39,6,6,0.2479,0,0.405700,120,118,308,201,150,0,42,3,146,"NA:N,SA:N",0A20|1A20|2A20|3E18|4A20|5A20|6E20|7A20|8E20|9E20|10E20|11N1|12E20
436,396488,timeout,633,300,161.23,6,6,0.2467,0,0.401732,118,120,286,197,150,0,38,4,145,"NA:N,SA:N",0A18|1A20|2A20|3E20|4A20|5A20|6E20|7A20|8E20|9E20|10E20|11N1|12E20
437,397175,timeout,687,300,158.57,6,6,0.2454,0,0.438382,120,118,327,210,150,0,51,2,147,"NA:N,SA:N",0A20|1A20|2A20|3E18|4A20|5A20|6E20|7A20|8E20|9E20|10E20|11N1|12E20
438,397858,timeout,683,300,175.13,6,6,0.2441,0,0.418500,118,120,329,204,150,0,46,3,148,"NA:N,SA:N",0A18|1A20|2A20|3E20|4A20|5A20|6E20|7A20|8E20|9E20|10E20|11N1|12E20
439,398524,timeout,666,300,182.16,6,6,0.2428,0,0.408630,118,118,323,193,150,0,36,2,147,"NA:N,SA:N",0A18|1A20|2A20|3E18|4A20|5A20|6E20|7A20|8E20|9E20|10E20|11N1|12E20
440,399181,timeout,657,300,169.77,7,5,0.2416,0,0.399959,140,97,317,190,150,0,31,2,150,"NA:N,SA:N",0A20|1A20|2A20|3A20|4A20|5A20|6E17|7A20|8E20|9E20|10E20|11N1|12E20
441,399831,timeout,650,300,168.20,6,6,0.2403,0,0.411311,120,118,300,200,150,0,41,3,149,"NA:N,SA:N",0A20|1A20|2A20|3E18|4A20|5A20|6E20|7A20|8E20|9E20|10E20|11N1|12E20
442,400498,timeout,667,300,168.97,6,6,0.2391,0,0.411739,120,118,313,204,150,0,44,4,146,"NA:N,SA:N",0A20|1A20|2A20|3E18|4A20|5A20|6E20|7A20|8E20|9E20|10E20|11N1|12E20
443,401158,timeout,660,300,177.90,7,5,0.2378,0,0.413117,138,100,321,189,150,0,31,2,149,"NA:N,SA:N",0A20|1A20|2A20|3A18|4A20|5A20|6E20|7A20|8E20|9E20|10E20|11N1|12E20
444,401831,timeout,673,300,168.83,6,6,0.2365,0,0.409268,117,120,315,208,150,0,50,3,148,"NA:N,SA:N",0A18|1A20|2A20|3E20|4A20|5A19|6E20|7A20|8E20|9E20|10E20|11N1|12E20
445,402470,timeout,639,300,175.99,6,6,0.2353,0,0.428934,117,120,299,190,150,0,32,3,147,"NA:N,SA:N",0A17|1A20|2A20|3E20|4A20|5A20|6E20|7A20|8E20|9E20|10E20|11N1|12E20
446,403101,timeout,631,300,157.11,6,6,0.2341,0,0.417147,119,119,284,197,150,0,39,3,146,"NA:N,SA:N",0A19|1A20|2A20|3E19|4A20|5A20|6E20|7A20|8E20|9E20|10E20|11N1|12E20
447,403730,timeout,629,300,160.19,6,6,0.2329,0,0.422114,118,120,288,191,150,0,33,3,146,"NA:N,SA:N",0A18|1A20|2A20|3E20|4A20|5A20|6E20|7A20|8E20|9E20|10E20|11N1|12E20
448,404380,timeout,650,300,181.50,6,6,0.2317,0,0.422876,118,120,310,190,150,0,32,3,150,"NA:N,SA:N",0A18|1A20|2A20|3E20|4A20|5A20|6E20|7A20|8E20|9E20|10E20|11N1|12E20
449,405016,timeout,636,300,160.36,6,6,0.2305,0,0.453632,120,120,284,202,150,0,45,1,146,"NA:N,SA:N",0A20|1A20|2A20|3E20|4A20|5A20|6E20|7A20|8E20|9E20|10E20|11N1|12E20
450,405677,timeout,661,300,170.11,6,6,0.2292,0,0.415210,118,119,312,199,150,0,41,3,149,"NA:N,SA:N",0A19|1A19|2A20|3E19|4A20|5A20|6E20|7A20|8E20|9E20|10E20|11N1|12E20
451,406356,timeout,679,300,195.19,7,5,0.2279,0,0.452923,137,100,321,208,150,1,49,3,149,"NA:N,SA:N",0A18|1A20|2A20|3E20|4A20|5A20|6A19|7A20|8E20|9E20|10E20|11N1|12E20
452,407000,timeout,644,300,168.74,6,6,0.2267,0,0.450503,119,119,298,196,150,0,38,3,147,"NA:N,SA:N",0A19|1A20|2A20|3E19|4A20|5A20|6E20|7A20|8E20|9E20|10E20|11N1|12E20
453,407606,timeout,606,300,157.46,5,7,0.2255,0,0.412387,99,139,272,184,150,0,25,5,148,"NA:N,SA:N",0E19|1A19|2A20|3E20|4A20|5A20|6E20|7A20|8E20|9E20|10E20|11N1|12E20
454,408235,timeout,629,300,143.39,6,6,0.2244,0,0.420347,116,120,284,195,150,0,37,3,148,"NA:N,SA:N",0A18|1A18|2A20|3E20|4A20|5A20|6E20|7A20|8E20|9E20|10E20|11N1|12E20
455,408880,timeout,645,300,176.85,6,6,0.2231,0,0.448731,120,118,307,188,150,0,29,3,148,"NA:N,SA:N",0A20|1A20|2A20|3E18|4A20|5A20|6E20|7A20|8E20|9E20|10E20|11N1|12E20
456,409606,timeout,726,300,197.76,12,1,0.2217,0,0.418809,240,19,396,180,150,0,18,0,146,"NA:A,SA:N",0A20|1A20|2A20|3A20|4A20|5A20|6A20|7A20|8A20|9A20|10A20|11A20|12E19
457,410271,timeout,665,300,176.45,6,6,0.2205,0,0.429274,118,120,314,201,150,0,43,3,150,"NA:N,SA:N",0A18|1A20|2A20|3E20|4A20|5A20|6E20|7A20|8E20|9E20|10E20|11N1|12E20
458,410904,timeout,633,300,165.93,6,6,0.2193,0,0.438089,118,118,294,189,150,0,31,3,145,"NA:N,SA:N",0A20|1A20|2A20|3E18|4A18|5A20|6E20|7A20|8E20|9E20|10E20|11N1|12E20
459,411537,timeout,633,300,173.73,6,6,0.2181,0,0.414369,120,118,293,190,150,0,31,3,150,"NA:N,SA:N",0A20|1A20|2A20|3E18|4A20|5A20|6E20|7A20|8E20|9E20|10E20|11N1|12E20
460,412174,timeout,637,300,167.27,6,6,0.2169,0,0.433691,120,118,288,199,150,0,41,2,148,"NA:N,SA:N",0A20|1A20|2A20|3E18|4A20|5A20|6E20|7A20|8E20|9E20|10E20|11N1|12E20
461,412786,timeout,612,300,162.72,6,6,0.2157,0,0.405105,118,120,274,188,150,0,30,3,145,"NA:N,SA:N",0A18|1A20|2A20|3E20|4A20|5A20|6E20|7A20|8E20|9E20|10E20|11N1|12E20
462,413405,timeout,619,300,177.49,6,6,0.2145,0,0.420706,118,120,287,182,150,0,26,1,145,"NA:N,SA:N",0A18|1A20|2A20|3E20|4A20|5A20|6E20|7A20|8E20|9E20|10E20|11N1|12E20
463,414024,timeout,619,300,175.09,6,6,0.2134,0,0.437011,118,118,287,182,150,0,24,3,148,"NA:N,SA:N",0A20|1A19|2A20|3E18|4A20|5A20|6E20|7A19|8E20|9E20|10E20|11N1|12E20
464,414651,timeout,627,300,162.97,6,6,0.2122,0,0.434765,120,117,287,190,150,0,31,3,148,"NA:N,SA:N",0A20|1A20|2A20|3E18|4A20|5A20|6E19|7A20|8E20|9E20|10E20|11N1|12E20
465,415249,timeout,598,300,159.68,6,6,0.2110,0,0.410686,119,119,268,180,150,0,22,3,147,"NA:N,SA:N",0A19|1A20|2A20|3E19|4A20|5A20|6E20|7A20|8E20|9E20|10E20|11N1|12E20
466,415872,timeout,623,300,169.33,6,6,0.2098,0,0.428013,118,120,291,182,150,0,24,3,147,"NA:N,SA:N",0A18|1A20|2A20|3E20|4A20|5A20|6E20|7A20|8E20|9E20|10E20|11N1|12E20
467,416487,timeout,615,300,170.95,5,7,0.2087,0,0.407002,98,140,289,176,150,0,20,2,146,"NA:N,SA:N",0E20|1A18|2A20|3E20|4A20|5A20|6E20|7A20|8E20|9E20|10E20|11N1|12E20
468,417131,timeout,644,300,183.04,6,6,0.2075,0,0.402738,120,118,307,187,150,0,29,2,148,"NA:N,SA:N",0A20|1A20|2A20|3E18|4A20|5A20|6E20|7A20|8E20|9E20|10E20|11N1|12E20
469,417748,timeout,617,300,183.07,6,6,0.2063,0,0.429146,119,119,285,182,150,0,26,1,147,"NA:N,SA:N",0A19|1A20|2A20|3E19|4A20|5A20|6E20|7A20|8E20|9E20|10E20|11N1|12E20
470,418407,timeout,659,300,172.39,6,6,0.2050,0,0.402026,118,118,311,198,150,0,40,3,147,"NA:N,SA:N",0A20|1A20|2A20|3E18|4A18|5A20|6E20|7A20|8E20|9E20|10E20|11N1|12E20
471,419017,timeout,610,300,183.30,6,6,0.2039,0,0.420642,120,118,285,175,150,0,16,3,147,"NA:N,SA:N",0A20|1A20|2A20|3E18|4A20|5A20|6E20|7A20|8E20|9E20|10E20|11N1|12E20
472,419635,timeout,618,300,173.18,6,6,0.2027,0,0.359280,120,118,285,183,150,0,24,3,150,"NA:N,SA:N",0A20|1A20|2A20|3E18|4A20|5A20|6E20|7A20|8E20|9E20|10E20|11N1|12E20
473,420274,timeout,639,300,182.49,6,6,0.2015,0,0.385661,119,119,305,184,150,0,26,3,149,"NA:N,SA:N",0A19|1A20|2A20|3E19|4A20|5A20|6E20|7A20|8E20|9E20|10E20|11N1|12E20
474,420882,timeout,608,300,168.48,6,6,0.2003,0,0.395899,118,119,277,181,150,0,23,3,150,"NA:N,SA:N",0A19|1A19|2A20|3E19|4A20|5A20|6E20|7A20|8E20|9E20|10E20|11N1|12E20
475,421538,timeout,656,300,180.36,6,6,0.1991,0,0.387803,120,118,312,194,150,0,35,3,148,"NA:N,SA:N",0A20|1A20|2A20|3E18|4A20|5A20|6E20|7A20|8E20|9E20|10E20|11N1|12E20
476,422195,timeout,657,300,180.47,6,6,0.1978,0,0.364352,118,120,315,192,150,0,34,3,148,"NA:N,SA:N",0A18|1A20|2A20|3E20|4A20|5A20|6E20|7A20|8E20|9E20|10E20|11N1|12E20
477,422850,timeout,655,300,178.95,6,6,0.1966,0,0.394375,120,118,311,194,150,0,35,3,148,"NA:N,SA:N",0A20|1A20|2A20|3E18|4A20|5A20|6E20|7A20|8E20|9E20|10E20|11N1|12E20
478,423508,timeout,658,300,192.18,8,4,0.1953,0,0.392595,159,79,328,180,150,1,21,2,149,"NA:N,SA:N",0A20|1A20|2A20|3A20|4A20|5A20|6A19|7A20|8E19|9E20|10E20|11N1|12E20
479,424145,timeout,637,300,174.57,6,6,0.1941,0,0.405686,119,119,304,183,150,0,25,3,148,"NA:N,SA:N",0A19|1A20|2A20|3E19|4A20|5A20|6E20|7A20|8E20|9E20|10E20|11N1|12E20
480,424801,timeout,656,300,167.56,6,6,0.1929,0,0.387337,120,118,308,198,150,0,39,3,148,"NA:N,SA:N",0A20|1A20|2A20|3E18|4A20|5A20|6E20|7A20|8E20|9E20|10E20|11N1|12E20
481,425448,timeout,647,300,223.97,7,5,0.1916,0,0.403210,139,99,312,185,150,2,25,4,149,"NA:N,SA:N",0A20|1A20|2A20|3A19|4A20|5A20|6E19|7A20|8E20|9E20|10E20|11N1|12E20
482,426070,timeout,622,300,171.22,6,6,0.1905,0,0.378184,118,120,287,185,150,0,27,3,147,"NA:N,SA:N",0A18|1A20|2A20|3E20|4A20|5A20|6E20|7A20|8E20|9E20|10E20|11N1|12E20
483,426702,timeout,632,300,192.02,6,6,0.1893,0,0.382902,119,119,301,183,148,0,26,0,140,"NA:N,SA:N",0A19|1A20|2A20|3E19|4A20|5A20|6E20|7A20|8E20|9E20|10E20|11N1|12E20
484,427338,timeout,636,300,171.86,6,6,0.1881,0,0.393172,115,120,292,195,149,0,36,3,147,"NA:N,SA:N",0A18|1A18|2A20|3E20|4A20|5A20|6E20|7A19|8E20|9E20|10E20|11N1|12E20
485,427973,timeout,635,300,167.05,6,6,0.1869,0,0.412422,119,119,297,188,150,0,29,3,139,"NA:N,SA:N",0A20|1A19|2A20|3E19|4A20|5A20|6E20|7A20|8E20|9E20|10E20|11N1|12E20
486,428605,timeout,632,300,186.22,6,6,0.1857,0,0.407970,118,120,299,184,149,0,27,1,144,"NA:N,SA:N",0A18|1A20|2A20|3E20|4A20|5A20|6E20|7A20|8E20|9E20|10E20|11N1|12E20
487,429234,timeout,629,300,190.09,6,6,0.1845,0,0.425733,120,117,299,194,136,0,24,0,134,"NA:N,SA:N",0A20|1A20|2A20|3E17|4A20|5A20|6E20|7A20|8E20|9E20|10E20|11N1|12E20
488,429866,timeout,632,300,192.92,6,6,0.1833,0,0.443299,118,119,302,181,149,0,25,0,135,"NA:N,SA:N",0A18|1A20|2A20|3E20|4A20|5A20|6E19|7A20|8E20|9E20|10E20|11N1|12E20
489,430503,timeout,637,300,189.17,6,6,0.1820,0,0.423659,119,119,304,193,140,0,28,0,136,"NA:N,SA:N",0A19|1A20|2A20|3E19|4A20|5A20|6E20|7A20|8E20|9E20|10E20|11N1|12E20
